id,imdb_rating,imdb_votes,number_in_season,number_in_series,original_air_date,original_air_year,season,title,us_viewers_in_millions,views,weekday_num,weekday_name,year,month,trend_slope,viewers_type
10,7.4,1511.0,10,10,1990-03-25,1990,1,Homer's Night Out,30.3,50816.0,6,Sunday,1990,3,0.49670329670329777,Household Viewers (Millions)
12,8.3,1716.0,12,12,1990-04-29,1990,1,Krusty Gets Busted,30.4,62561.0,6,Sunday,1990,4,0.49670329670329777,Household Viewers (Millions)
14,8.2,1638.0,1,14,1990-10-11,1990,2,"Bart Gets an ""F""",33.6,59575.0,3,Thursday,1990,10,-0.49943534726143546,Household Viewers (Millions)
17,8.1,1457.0,4,17,1990-11-01,1990,2,Two Cars in Every Garage and Three Eyes on Every Fish,26.1,64959.0,3,Thursday,1990,11,-0.49943534726143546,Household Viewers (Millions)
19,8.0,1366.0,6,19,1990-11-15,1990,2,Dead Putting Society,25.4,50691.0,3,Thursday,1990,11,-0.49943534726143546,Household Viewers (Millions)
21,8.4,1522.0,8,21,1990-12-06,1990,2,Bart the Daredevil,26.2,57605.0,3,Thursday,1990,12,-0.49943534726143546,Household Viewers (Millions)
23,7.8,1340.0,10,23,1991-01-10,1991,2,Bart Gets Hit by a Car,24.8,56486.0,3,Thursday,1991,1,-0.49943534726143546,Household Viewers (Millions)
26,8.0,1329.0,13,26,1991-02-07,1991,2,Homer vs. Lisa and the 8th Commandment,26.2,58277.0,3,Thursday,1991,2,-0.49943534726143546,Household Viewers (Millions)
28,8.2,1413.0,15,28,1991-02-21,1991,2,"Oh Brother, Where Art Thou?",26.8,47426.0,3,Thursday,1991,2,-0.49943534726143546,Household Viewers (Millions)
30,7.6,1243.0,17,30,1991-03-28,1991,2,Old Money,21.2,44331.0,3,Thursday,1991,3,-0.49943534726143546,Household Viewers (Millions)
32,8.5,1684.0,19,32,1991-04-25,1991,2,Lisa's Substitute,17.7,52770.0,3,Thursday,1991,4,-0.49943534726143546,Household Viewers (Millions)
35,8.0,1223.0,22,35,1991-07-11,1991,2,Blood Feud,17.3,52829.0,3,Thursday,1991,7,-0.49943534726143546,Household Viewers (Millions)
37,7.7,1274.0,2,37,1991-09-26,1991,3,Mr. Lisa Goes to Washington,20.2,52098.0,3,Thursday,1991,9,-0.06852173913043466,Household Viewers (Millions)
39,8.7,1446.0,4,39,1991-10-10,1991,3,Bart the Murderer,20.8,64342.0,3,Thursday,1991,10,-0.06852173913043466,Household Viewers (Millions)
41,7.7,1262.0,6,41,1991-10-24,1991,3,"Like Father, Like Clown",20.2,45586.0,3,Thursday,1991,10,-0.06852173913043466,Household Viewers (Millions)
44,7.9,1194.0,9,44,1991-11-14,1991,3,Saturdays of Thunder,24.7,55808.0,3,Thursday,1991,11,-0.06852173913043466,Household Viewers (Millions)
46,8.2,1291.0,11,46,1991-12-05,1991,3,Burns Verkaufen der Kraftwerk,21.1,55987.0,3,Thursday,1991,12,-0.06852173913043466,Household Viewers (Millions)
48,8.5,1365.0,13,48,1992-01-09,1992,3,Radio Bart,24.2,58919.0,3,Thursday,1992,1,-0.06852173913043466,Household Viewers (Millions)
51,8.3,1272.0,16,51,1992-02-13,1992,3,Bart the Lover,20.5,53123.0,3,Thursday,1992,2,-0.06852173913043466,Household Viewers (Millions)
53,8.2,1201.0,18,53,1992-02-27,1992,3,Separate Vocations,23.7,61508.0,3,Thursday,1992,2,-0.06852173913043466,Household Viewers (Millions)
55,7.9,1233.0,20,55,1992-03-26,1992,3,Colonel Homer,25.5,46901.0,3,Thursday,1992,3,-0.06852173913043466,Household Viewers (Millions)
58,7.8,1160.0,23,58,1992-05-07,1992,3,Bart's Friend Falls in Love,19.5,48058.0,3,Thursday,1992,5,-0.06852173913043466,Household Viewers (Millions)
60,8.4,1414.0,1,60,1992-09-24,1992,4,Kamp Krusty,21.8,67081.0,3,Thursday,1992,9,0.008752117447769443,Household Viewers (Millions)
65,8.2,1293.0,6,65,1992-11-03,1992,4,Itchy & Scratchy: The Movie,20.1,55740.0,1,Tuesday,1992,11,0.008752117447769443,Household Viewers (Millions)
69,8.5,1350.0,10,69,1992-12-03,1992,4,Lisa's First Word,28.6,62070.0,3,Thursday,1992,12,0.008752117447769443,Household Viewers (Millions)
72,8.0,1153.0,13,72,1993-01-21,1993,4,Selma's Choice,24.5,56396.0,3,Thursday,1993,1,0.008752117447769443,Household Viewers (Millions)
7,7.9,1638.0,7,7,1990-02-18,1990,1,The Call of the Simpsons,27.6,57793.0,6,Sunday,1990,2,0.49670329670329777,Household Viewers (Millions)
24,8.8,1687.0,11,24,1991-01-24,1991,2,"One Fish, Two Fish, Blowfish, Blue Fish",24.2,50206.0,3,Thursday,1991,1,-0.49943534726143546,Household Viewers (Millions)
80,7.7,1080.0,21,80,1993-05-06,1993,4,Marge in Chains,17.3,68692.0,3,Thursday,1993,5,0.008752117447769443,Household Viewers (Millions)
82,8.4,1416.0,1,82,1993-09-30,1993,5,Homer's Barbershop Quartet,19.9,58390.0,3,Thursday,1993,9,-0.22907961603613758,Household Viewers (Millions)
84,8.6,1476.0,3,84,1993-10-14,1993,5,Homer Goes to College,18.1,64802.0,3,Thursday,1993,10,-0.22907961603613758,Household Viewers (Millions)
87,8.0,1132.0,6,87,1993-11-04,1993,5,Marge on the Lam,21.7,53490.0,3,Thursday,1993,11,-0.22907961603613758,Household Viewers (Millions)
89,8.7,1270.0,8,89,1993-11-18,1993,5,Boy-Scoutz 'n the Hood,20.1,83238.0,3,Thursday,1993,11,-0.22907961603613758,Household Viewers (Millions)
92,8.2,1202.0,11,92,1994-01-06,1994,5,Homer the Vigilante,20.1,74673.0,3,Thursday,1994,1,-0.22907961603613758,Household Viewers (Millions)
93,8.1,1123.0,12,93,1994-02-03,1994,5,Bart Gets Famous,20.0,66267.0,3,Thursday,1994,2,-0.22907961603613758,Household Viewers (Millions)
95,8.2,1187.0,14,95,1994-02-17,1994,5,Lisa vs. Malibu Stacy,20.5,61715.0,3,Thursday,1994,2,-0.22907961603613758,Household Viewers (Millions)
98,7.9,1116.0,17,98,1994-03-31,1994,5,Bart Gets an Elephant,17.0,63427.0,3,Thursday,1994,3,-0.22907961603613758,Household Viewers (Millions)
102,7.5,1014.0,21,102,1994-05-12,1994,5,Lady Bouvier's Lover,15.1,59503.0,3,Thursday,1994,5,-0.22907961603613758,Household Viewers (Millions)
104,8.6,1330.0,1,104,1994-09-04,1994,6,Bart of Darkness,15.1,65126.0,6,Sunday,1994,9,-0.1333076923076921,Household Viewers (Millions)
107,8.5,1277.0,4,107,1994-10-02,1994,6,Itchy & Scratchy Land,14.8,72722.0,6,Sunday,1994,10,-0.1333076923076921,Household Viewers (Millions)
111,8.4,1236.0,8,111,1994-11-13,1994,6,Lisa on Ice,17.9,63564.0,6,Sunday,1994,11,-0.1333076923076921,Household Viewers (Millions)
114,7.8,1100.0,11,114,1994-12-18,1994,6,Fear of Flying,15.6,61569.0,6,Sunday,1994,12,-0.1333076923076921,Household Viewers (Millions)
116,8.5,1284.0,13,116,1995-01-22,1995,6,And Maggie Makes Three,17.3,63051.0,6,Sunday,1995,1,-0.1333076923076921,Household Viewers (Millions)
118,8.5,1254.0,15,118,1995-02-12,1995,6,Homie the Clown,17.6,73123.0,6,Sunday,1995,2,-0.1333076923076921,Household Viewers (Millions)
120,7.9,1006.0,17,120,1995-02-26,1995,6,Homer vs. Patty and Selma,18.9,60599.0,6,Sunday,1995,2,-0.1333076923076921,Household Viewers (Millions)
123,8.1,1051.0,20,123,1995-04-09,1995,6,Two Dozen and One Greyhounds,11.6,62323.0,6,Sunday,1995,4,-0.1333076923076921,Household Viewers (Millions)
125,8.3,1084.0,22,125,1995-04-30,1995,6,'Round Springfield,12.6,56001.0,6,Sunday,1995,4,-0.1333076923076921,Household Viewers (Millions)
127,8.6,1285.0,24,127,1995-05-14,1995,6,Lemon of Troy,13.1,70698.0,6,Sunday,1995,5,-0.1333076923076921,Household Viewers (Millions)
130,8.3,1172.0,2,130,1995-09-24,1995,7,Radioactive Man,15.7,62390.0,6,Sunday,1995,9,-0.17453846153846134,Household Viewers (Millions)
132,8.7,1354.0,4,132,1995-10-08,1995,7,Bart Sells His Soul,14.8,65333.0,6,Sunday,1995,10,-0.17453846153846134,Household Viewers (Millions)
134,8.5,1304.0,6,134,1995-10-29,1995,7,Treehouse of Horror VI,19.7,110342.0,6,Sunday,1995,10,-0.17453846153846134,Household Viewers (Millions)
139,8.3,1146.0,11,139,1995-12-17,1995,7,Marge Be Not Proud,16.7,68970.0,6,Sunday,1995,12,-0.17453846153846134,Household Viewers (Millions)
140,8.3,1064.0,12,140,1996-01-07,1996,7,Team Homer,16.7,72268.0,6,Sunday,1996,1,-0.17453846153846134,Household Viewers (Millions)
143,7.7,954.0,15,143,1996-02-11,1996,7,Bart the Fink,15.0,71230.0,6,Sunday,1996,2,-0.17453846153846134,Household Viewers (Millions)
67,8.2,1240.0,8,67,1992-11-12,1992,4,New Kid on the Block,23.1,54557.0,3,Thursday,1992,11,0.008752117447769443,Household Viewers (Millions)
149,8.8,1393.0,21,149,1996-04-14,1996,7,22 Short Films About Springfield,10.5,66536.0,6,Sunday,1996,4,-0.17453846153846134,Household Viewers (Millions)
151,8.0,995.0,23,151,1996-05-05,1996,7,Much Apu About Nothing,11.3,75618.0,6,Sunday,1996,5,-0.17453846153846134,Household Viewers (Millions)
153,8.3,1119.0,25,153,1996-05-19,1996,7,Summer of 4 Ft. 2,14.7,65847.0,6,Sunday,1996,5,-0.17453846153846134,Household Viewers (Millions)
157,7.7,1079.0,4,157,1996-11-17,1996,8,"Burns, Baby Burns",12.6,55497.0,6,Sunday,1996,11,-0.09198899250879057,Household Viewers (Millions)
160,7.8,1005.0,7,160,1996-12-15,1996,8,Lisa's Date with Density,15.16865922641798,60912.0,6,Sunday,1996,12,-0.09198899250879057,Household Viewers (Millions)
163,9.0,1793.0,10,163,1997-01-12,1997,8,The Springfield Files,20.9,69555.0,6,Sunday,1997,1,-0.09198899250879057,Household Viewers (Millions)
164,7.8,998.0,11,164,1997-01-19,1997,8,The Twisted World of Marge Simpson,14.0,71813.0,6,Sunday,1997,1,-0.09198899250879057,Household Viewers (Millions)
167,7.9,1079.0,14,167,1997-02-09,1997,8,The Itchy & Scratchy & Poochie Show,15.5,58581.0,6,Sunday,1997,2,-0.09198899250879057,Household Viewers (Millions)
168,8.9,1666.0,15,168,1997-02-16,1997,8,Homer's Phobia,15.3,63355.0,6,Sunday,1997,2,-0.09198899250879057,Household Viewers (Millions)
171,8.7,1330.0,18,171,1997-03-16,1997,8,Homer vs. the Eighteenth Amendment,14.6,83561.0,6,Sunday,1997,3,-0.09198899250879057,Household Viewers (Millions)
173,7.7,913.0,20,173,1997-04-13,1997,8,The Canine Mutiny,13.972802323803698,54155.0,6,Sunday,1997,4,-0.09198899250879057,Household Viewers (Millions)
175,8.0,973.0,22,175,1997-04-27,1997,8,In Marge We Trust,16.9,59088.0,6,Sunday,1997,4,-0.09198899250879057,Household Viewers (Millions)
178,7.8,967.0,25,178,1997-05-18,1997,8,The Secret War of Lisa Simpson,12.7,59196.0,6,Sunday,1997,5,-0.09198899250879057,Household Viewers (Millions)
180,7.4,1158.0,2,180,1997-09-28,1997,9,The Principal and the Pauper,14.9,48414.0,6,Sunday,1997,9,-0.15323076923076925,Household Viewers (Millions)
184,7.7,925.0,6,184,1997-11-09,1997,9,Bart Star,10.6,31033.0,6,Sunday,1997,11,-0.15323076923076925,Household Viewers (Millions)
186,8.0,978.0,8,186,1997-11-23,1997,9,Lisa the Skeptic,9.3,22318.0,6,Sunday,1997,11,-0.15323076923076925,Household Viewers (Millions)
189,5.1,1119.0,11,189,1998-01-04,1998,9,"All Singing, All Dancing",8.9,15780.0,6,Sunday,1998,1,-0.15323076923076925,Household Viewers (Millions)
191,8.2,1042.0,13,191,1998-02-08,1998,9,The Joy of Sect,9.4,27710.0,6,Sunday,1998,2,-0.15323076923076925,Household Viewers (Millions)
196,7.8,906.0,18,196,1998-03-22,1998,9,This Little Wiggy,8.9,20739.0,6,Sunday,1998,3,-0.15323076923076925,Household Viewers (Millions)
198,7.9,949.0,20,198,1998-04-05,1998,9,The Trouble with Trillions,7.4,23426.0,6,Sunday,1998,4,-0.15323076923076925,Household Viewers (Millions)
200,8.5,1108.0,22,200,1998-04-26,1998,9,Trash of the Titans,10.2,26299.0,6,Sunday,1998,4,-0.15323076923076925,Household Viewers (Millions)
203,8.1,931.0,25,203,1998-05-17,1998,9,Natural Born Kissers,8.6,53823.0,6,Sunday,1998,5,-0.15323076923076925,Household Viewers (Millions)
205,8.2,988.0,2,205,1998-09-20,1998,10,The Wizard of Evergreen Terrace,7.95,53216.0,6,Sunday,1998,9,0.03665019762845839,Household Viewers (Millions)
207,8.0,1013.0,4,207,1998-10-25,1998,10,Treehouse of Horror IX,8.5,83169.0,6,Sunday,1998,10,0.03665019762845839,Household Viewers (Millions)
212,8.2,975.0,9,212,1998-12-20,1998,10,Mayored to the Mob,8.5,56762.0,6,Sunday,1998,12,0.03665019762845839,Household Viewers (Millions)
214,7.7,834.0,11,214,1999-01-17,1999,10,Wild Barts Can't Be Broken,8.8,57693.0,6,Sunday,1999,1,0.03665019762845839,Household Viewers (Millions)
219,7.5,795.0,16,219,1999-02-28,1999,10,Make Room for Lisa,7.6,53449.0,6,Sunday,1999,2,0.03665019762845839,Household Viewers (Millions)
222,7.6,831.0,19,222,1999-04-11,1999,10,Mom and Pop Art,8.5,47851.0,6,Sunday,1999,4,0.03665019762845839,Household Viewers (Millions)
224,7.2,789.0,21,224,1999-05-02,1999,10,Monty Can't Buy Me Love,7.26,44242.0,6,Sunday,1999,5,0.03665019762845839,Household Viewers (Millions)
226,7.9,964.0,23,226,1999-05-16,1999,10,Thirty Minutes over Tokyo,8.0,55947.0,6,Sunday,1999,5,0.03665019762845839,Household Viewers (Millions)
229,7.5,797.0,3,229,1999-10-24,1999,11,Guess Who's Coming to Criticize Dinner?,6.7,46141.0,6,Sunday,1999,10,0.011501976284584858,Household Viewers (Millions)
231,7.6,817.0,5,231,1999-11-07,1999,11,E-I-E-I-(Annoyed Grunt),8.4,51431.0,6,Sunday,1999,11,0.011501976284584858,Household Viewers (Millions)
233,7.1,747.0,7,233,1999-11-21,1999,11,Eight Misbehavin',9.2,40465.0,6,Sunday,1999,11,0.011501976284584858,Household Viewers (Millions)
238,7.3,747.0,12,238,2000-01-23,2000,11,The Mansion Family,11.3,43949.0,6,Sunday,2000,1,0.011501976284584858,Household Viewers (Millions)
240,7.9,887.0,14,240,2000-02-13,2000,11,"Alone Again, Natura-diddily",10.8,47392.0,6,Sunday,2000,2,0.011501976284584858,Household Viewers (Millions)
242,7.3,755.0,16,242,2000-02-27,2000,11,Pygmoelian,9.4,52891.0,6,Sunday,2000,2,0.011501976284584858,Household Viewers (Millions)
245,6.6,805.0,19,245,2000-04-30,2000,11,Kill the Alligator and Run,7.46,52176.0,6,Sunday,2000,4,0.011501976284584858,Household Viewers (Millions)
247,7.3,737.0,21,247,2000-05-14,2000,11,"It's a Mad, Mad, Mad, Mad Marge",7.5,54146.0,6,Sunday,2000,5,0.011501976284584858,Household Viewers (Millions)
249,7.6,829.0,1,249,2000-11-01,2000,12,Treehouse of Horror XI,13.2,77719.0,2,Wednesday,2000,11,-0.07090909090909082,Individual Viewers (Millions)
251,7.1,733.0,3,251,2000-11-12,2000,12,Insane Clown Poppy,16.4,40443.0,6,Sunday,2000,11,-0.07090909090909082,Individual Viewers (Millions)
254,7.7,782.0,6,254,2000-12-03,2000,12,The Computer Wore Menace Shoes,15.6,51100.0,6,Sunday,2000,12,-0.07090909090909082,Individual Viewers (Millions)
258,7.3,760.0,10,258,2001-01-14,2001,12,Pokey Mom,15.0,51024.0,6,Sunday,2001,1,-0.07090909090909082,Individual Viewers (Millions)
261,7.2,668.0,13,261,2001-02-18,2001,12,Day of the Jackanapes,15.4,49986.0,6,Sunday,2001,2,-0.07090909090909082,Individual Viewers (Millions)
263,7.4,731.0,15,263,2001-03-04,2001,12,"Hungry, Hungry Homer",17.6,49811.0,6,Sunday,2001,3,-0.07090909090909082,Individual Viewers (Millions)
265,6.9,719.0,17,265,2001-04-01,2001,12,Simpson Safari,13.3,49065.0,6,Sunday,2001,4,-0.07090909090909082,Individual Viewers (Millions)
268,7.3,666.0,20,268,2001-05-13,2001,12,Children of a Lesser Clod,13.8,50070.0,6,Sunday,2001,5,-0.07090909090909082,Individual Viewers (Millions)
270,7.5,824.0,1,270,2001-11-06,2001,13,Treehouse of Horror XII,13.0,77136.0,1,Tuesday,2001,11,-0.1593450028232637,Individual Viewers (Millions)
272,7.2,698.0,3,272,2001-11-18,2001,13,Homer the Moe,14.4,44651.0,6,Sunday,2001,11,-0.1593450028232637,Individual Viewers (Millions)
274,7.7,716.0,5,274,2001-12-09,2001,13,The Blunder Years,12.9,45288.0,6,Sunday,2001,12,-0.1593450028232637,Individual Viewers (Millions)
279,7.5,683.0,10,279,2002-02-10,2002,13,Half-Decent Proposal,13.2,42977.0,6,Sunday,2002,2,-0.1593450028232637,Individual Viewers (Millions)
281,6.5,656.0,12,281,2002-02-24,2002,13,The Lastest Gun in the West,13.2,44787.0,6,Sunday,2002,2,-0.1593450028232637,Individual Viewers (Millions)
284,7.0,670.0,15,284,2002-03-31,2002,13,Blame It on Lisa,11.1,50694.0,6,Sunday,2002,3,-0.1593450028232637,Individual Viewers (Millions)
286,5.6,721.0,17,286,2002-04-21,2002,13,Gump Roast,12.3,46335.0,6,Sunday,2002,4,-0.1593450028232637,Individual Viewers (Millions)
70,8.7,1445.0,11,70,1992-12-17,1992,4,Homer's Triple Bypass,23.6,57400.0,3,Thursday,1992,12,0.008752117447769443,Household Viewers (Millions)
294,7.0,645.0,3,294,2002-11-17,2002,14,Bart vs. Lisa vs. the Third Grade,13.3,43130.0,6,Sunday,2002,11,-0.1770412196499154,Individual Viewers (Millions)
297,7.3,628.0,6,297,2002-12-15,2002,14,The Great Louse Detective,15.5,48110.0,6,Sunday,2002,12,-0.1770412196499154,Individual Viewers (Millions)
299,7.3,598.0,8,299,2003-01-12,2003,14,The Dad Who Knew Too Little,12.8,47170.0,6,Sunday,2003,1,-0.1770412196499154,Individual Viewers (Millions)
301,6.8,598.0,10,301,2003-02-09,2003,14,Pray Anything,13.4,46336.0,6,Sunday,2003,2,-0.1770412196499154,Individual Viewers (Millions)
306,7.3,557.0,15,306,2003-03-16,2003,14,C.E.D'oh,13.0,47386.0,6,Sunday,2003,3,-0.1770412196499154,Individual Viewers (Millions)
308,7.2,649.0,17,308,2003-04-13,2003,14,Three Gays of the Condo,12.02,49263.0,6,Sunday,2003,4,-0.1770412196499154,Individual Viewers (Millions)
311,6.9,570.0,20,311,2003-05-11,2003,14,"Brake My Wife, Please",10.56,47288.0,6,Sunday,2003,5,-0.1770412196499154,Individual Viewers (Millions)
313,7.7,697.0,22,313,2003-05-18,2003,14,Moe Baby Blues,13.44,45931.0,6,Sunday,2003,5,-0.1770412196499154,Individual Viewers (Millions)
315,7.3,595.0,2,315,2003-11-09,2003,15,My Mother the Carjacker,12.4,34590.0,6,Sunday,2003,11,-0.2494184076792774,Individual Viewers (Millions)
318,7.2,586.0,5,318,2003-11-30,2003,15,The Fat and the Furriest,11.7,39180.0,6,Sunday,2003,11,-0.2494184076792774,Individual Viewers (Millions)
320,7.2,588.0,7,320,2003-12-14,2003,15,'Tis the Fifteenth Season,11.3,40667.0,6,Sunday,2003,12,-0.2494184076792774,Individual Viewers (Millions)
322,7.3,607.0,9,322,2004-01-11,2004,15,"I, (Annoyed Grunt)-bot",16.3,42776.0,6,Sunday,2004,1,-0.2494184076792774,Individual Viewers (Millions)
326,7.1,589.0,13,326,2004-02-22,2004,15,Smart & Smarter,12.6,43969.0,6,Sunday,2004,2,-0.2494184076792774,Individual Viewers (Millions)
328,6.9,560.0,15,328,2004-03-21,2004,15,Co-Dependents' Day,11.2,47246.0,6,Sunday,2004,3,-0.2494184076792774,Individual Viewers (Millions)
331,7.0,609.0,18,331,2004-04-25,2004,15,Catch 'Em If You Can,9.3,47274.0,6,Sunday,2004,4,-0.2494184076792774,Individual Viewers (Millions)
333,7.3,587.0,20,333,2004-05-09,2004,15,The Way We Weren't,6.6,43128.0,6,Sunday,2004,5,-0.2494184076792774,Individual Viewers (Millions)
335,7.2,553.0,22,335,2004-05-23,2004,15,Fraudcast News,9.2,44954.0,6,Sunday,2004,5,-0.2494184076792774,Individual Viewers (Millions)
338,7.1,556.0,3,338,2004-11-21,2004,16,Sleeping with the Enemy,9.95,40958.0,6,Sunday,2004,11,-0.11907792207792203,Individual Viewers (Millions)
340,7.1,539.0,5,340,2004-12-12,2004,16,Fat Man and Little Boy,10.31,44210.0,6,Sunday,2004,12,-0.11907792207792203,Individual Viewers (Millions)
342,7.0,523.0,7,342,2005-01-30,2005,16,Mommie Beerest,9.97,46256.0,6,Sunday,2005,1,-0.11907792207792203,Individual Viewers (Millions)
345,7.1,580.0,10,345,2005-02-20,2005,16,There's Something About Marrying,10.39,49371.0,6,Sunday,2005,2,-0.11907792207792203,Individual Viewers (Millions)
347,7.0,586.0,12,347,2005-03-13,2005,16,Goo Goo Gai Pan,10.28,44914.0,6,Sunday,2005,3,-0.11907792207792203,Individual Viewers (Millions)
349,6.9,535.0,14,349,2005-04-03,2005,16,The Seven-Beer Snitch,7.48,45174.0,6,Sunday,2005,4,-0.11907792207792203,Individual Viewers (Millions)
352,7.2,562.0,17,352,2005-05-01,2005,16,The Heartbroke Kid,10.79,50610.0,6,Sunday,2005,5,-0.11907792207792203,Individual Viewers (Millions)
354,7.3,575.0,19,354,2005-05-08,2005,16,Thank God It's Doomsday,10.05,46504.0,6,Sunday,2005,5,-0.11907792207792203,Individual Viewers (Millions)
357,6.3,618.0,1,357,2005-09-11,2005,17,The Bonfire of the Manatees,11.1,33933.0,6,Sunday,2005,9,-0.15907961603613796,Individual Viewers (Millions)
75,8.3,1209.0,16,75,1993-02-18,1993,4,Duffless,25.7,84874.0,3,Thursday,1993,2,0.008752117447769443,Household Viewers (Millions)
363,6.7,560.0,7,363,2005-11-27,2005,17,The Last of the Red Hat Mamas,11.46,39577.0,6,Sunday,2005,11,-0.15907961603613796,Individual Viewers (Millions)
365,6.9,553.0,9,365,2005-12-18,2005,17,Simpsons Christmas Stories,9.8,43082.0,6,Sunday,2005,12,-0.15907961603613796,Individual Viewers (Millions)
368,6.4,597.0,12,368,2006-02-26,2006,17,My Fair Laddy,9.51,39745.0,6,Sunday,2006,2,-0.15907961603613796,Individual Viewers (Millions)
370,7.0,558.0,14,370,2006-03-19,2006,17,Bart Has Two Mommies,8.75,44012.0,6,Sunday,2006,3,-0.15907961603613796,Individual Viewers (Millions)
372,6.6,577.0,16,372,2006-04-02,2006,17,Million-Dollar Abie,7.83,42303.0,6,Sunday,2006,4,-0.15907961603613796,Individual Viewers (Millions)
376,6.7,558.0,20,376,2006-05-07,2006,17,Regarding Margie,8.5,43162.0,6,Sunday,2006,5,-0.15907961603613796,Individual Viewers (Millions)
379,7.5,754.0,1,379,2006-09-10,2006,18,"The Mook, the Chef, the Wife and Her Homer",11.5,41321.0,6,Sunday,2006,9,-0.1371146245059288,Individual Viewers (Millions)
381,6.8,623.0,3,381,2006-09-24,2006,18,"Please Homer, Don't Hammer 'Em",9.72,41865.0,6,Sunday,2006,9,-0.1371146245059288,Individual Viewers (Millions)
383,6.9,656.0,5,383,2006-11-12,2006,18,G.I. (Annoyed Grunt),11.43,42160.0,6,Sunday,2006,11,-0.1371146245059288,Individual Viewers (Millions)
385,7.0,603.0,7,385,2006-11-26,2006,18,Ice Cream of Margie (with the Light Blue Hair),10.9,43032.0,6,Sunday,2006,11,-0.1371146245059288,Individual Viewers (Millions)
387,6.4,624.0,9,387,2006-12-17,2006,18,"Kill Gil, Volumes I & II",8.96,43700.0,6,Sunday,2006,12,-0.1371146245059288,Individual Viewers (Millions)
390,7.0,672.0,12,390,2007-02-11,2007,18,Little Big Girl,8.27,52730.0,6,Sunday,2007,2,-0.1371146245059288,Individual Viewers (Millions)
392,7.1,644.0,14,392,2007-03-04,2007,18,Yokel Chords,9.09,41561.0,6,Sunday,2007,3,-0.1371146245059288,Individual Viewers (Millions)
394,7.2,610.0,16,394,2007-03-25,2007,18,Homerazzi,6.91,42602.0,6,Sunday,2007,3,-0.1371146245059288,Individual Viewers (Millions)
397,7.1,542.0,19,397,2007-05-06,2007,18,Crook and Ladder,7.72,46262.0,6,Sunday,2007,5,-0.1371146245059288,Individual Viewers (Millions)
399,8.1,1179.0,21,399,2007-05-20,2007,18,24 Minutes,9.8,45026.0,6,Sunday,2007,5,-0.1371146245059288,Individual Viewers (Millions)
402,6.7,684.0,2,402,2007-09-30,2007,19,The Homer of Seville,8.4,33792.0,6,Sunday,2007,9,-0.1985338345864664,Individual Viewers (Millions)
406,6.7,591.0,6,406,2007-11-11,2007,19,Little Orphan Millie,10.57,39369.0,6,Sunday,2007,11,-0.1985338345864664,Individual Viewers (Millions)
408,7.1,673.0,8,408,2007-11-25,2007,19,Funeral for a Fiend,9.0,42596.0,6,Sunday,2007,11,-0.1985338345864664,Individual Viewers (Millions)
410,6.9,633.0,10,410,2008-01-06,2008,19,E Pluribus Wiggum,8.2,44512.0,6,Sunday,2008,1,-0.1985338345864664,Individual Viewers (Millions)
413,7.7,788.0,13,413,2008-03-02,2008,19,The Debarted,8.18,42141.0,6,Sunday,2008,3,-0.1985338345864664,Individual Viewers (Millions)
415,6.7,580.0,15,415,2008-03-30,2008,19,Smoke on the Daughter,7.1,41735.0,6,Sunday,2008,3,-0.1985338345864664,Individual Viewers (Millions)
417,6.9,601.0,17,417,2008-04-27,2008,19,Apocalypse Cow,7.69,41118.0,6,Sunday,2008,4,-0.1985338345864664,Individual Viewers (Millions)
419,7.1,613.0,19,419,2008-05-11,2008,19,Mona Leaves-a,6.02,39443.0,6,Sunday,2008,5,-0.1985338345864664,Individual Viewers (Millions)
422,6.9,681.0,2,422,2008-10-05,2008,20,Lost Verizon,7.43,38186.0,6,Sunday,2008,10,-0.17758441558441557,Individual Viewers (Millions)
424,7.1,757.0,4,424,2008-11-02,2008,20,Treehouse of Horror XIX,12.48,21509.0,6,Sunday,2008,11,-0.17758441558441557,Individual Viewers (Millions)
77,7.2,1105.0,18,77,1993-04-01,1993,4,So It's Come to This: A Simpsons Clip Show,25.5,49139.0,3,Thursday,1993,4,0.008752117447769443,Household Viewers (Millions)
433,7.2,652.0,13,433,2009-03-15,2009,20,Gone Maggie Gone,5.99,43663.0,6,Sunday,2009,3,-0.17758441558441557,Individual Viewers (Millions)
438,7.0,554.0,18,438,2009-04-26,2009,20,Father Knows Worst,5.94,42390.0,6,Sunday,2009,4,-0.17758441558441557,Individual Viewers (Millions)
440,6.3,591.0,20,440,2009-05-10,2009,20,Four Great Women and a Manicure,5.16,44718.0,6,Sunday,2009,5,-0.17758441558441557,Individual Viewers (Millions)
442,7.1,698.0,1,442,2009-09-27,2009,21,Homer the Whopper,8.31,39936.0,6,Sunday,2009,9,-0.1711363636363636,Individual Viewers (Millions)
448,6.8,529.0,7,448,2009-11-29,2009,21,Rednecks and Broomsticks,9.02,37909.0,6,Sunday,2009,11,-0.1711363636363636,Individual Viewers (Millions)
450,6.8,481.0,9,450,2010-01-03,2010,21,Thursdays with Abie,8.65,36227.0,6,Sunday,2010,1,-0.1711363636363636,Individual Viewers (Millions)
452,7.1,532.0,11,452,2010-01-31,2010,21,Million Dollar Maybe,5.11,40854.0,6,Sunday,2010,1,-0.1711363636363636,Individual Viewers (Millions)
455,7.1,480.0,14,455,2010-03-14,2010,21,Postcards from the Wedge,5.23,41357.0,6,Sunday,2010,3,-0.1711363636363636,Individual Viewers (Millions)
457,5.7,675.0,16,457,2010-03-28,2010,21,The Greatest Story Ever D'ohed,5.69,44070.0,6,Sunday,2010,3,-0.1711363636363636,Individual Viewers (Millions)
462,6.9,491.0,21,462,2010-05-09,2010,21,Moe Letter Blues,5.66,40904.0,6,Sunday,2010,5,-0.1711363636363636,Individual Viewers (Millions)
464,6.6,507.0,23,464,2010-05-23,2010,21,Judge Me Tender,5.74,41830.0,6,Sunday,2010,5,-0.1711363636363636,Individual Viewers (Millions)
466,6.8,506.0,2,466,2010-10-03,2010,22,Loan-a Lisa,8.59,35051.0,6,Sunday,2010,10,-0.16637492941840787,Individual Viewers (Millions)
469,7.2,482.0,5,469,2010-11-14,2010,22,"Lisa Simpson, This Isn't Your Life",8.97,40637.0,6,Sunday,2010,11,-0.16637492941840787,Individual Viewers (Millions)
472,6.9,564.0,8,472,2010-12-05,2010,22,The Fight Before Christmas,9.54,43781.0,6,Sunday,2010,12,-0.16637492941840787,Individual Viewers (Millions)
473,7.0,528.0,9,473,2010-12-12,2010,22,Donnie Fatso,7.18,40276.0,6,Sunday,2010,12,-0.16637492941840787,Individual Viewers (Millions)
476,7.0,486.0,12,476,2011-01-23,2011,22,Homer the Father,6.5,42691.0,6,Sunday,2011,1,-0.16637492941840787,Individual Viewers (Millions)
478,7.2,559.0,14,478,2011-02-20,2011,22,Angry Dad: The Movie,6.35,42693.0,6,Sunday,2011,2,-0.16637492941840787,Individual Viewers (Millions)
480,6.1,481.0,16,480,2011-03-13,2011,22,A Midsummer's Nice Dream,5.44,38893.0,6,Sunday,2011,3,-0.16637492941840787,Individual Viewers (Millions)
482,7.0,491.0,18,482,2011-04-10,2011,22,The Great Simpsina,4.99,41560.0,6,Sunday,2011,4,-0.16637492941840787,Individual Viewers (Millions)
485,7.3,505.0,21,485,2011-05-15,2011,22,500 Keys,6.0,46660.0,6,Sunday,2011,5,-0.16637492941840787,Individual Viewers (Millions)
487,7.2,672.0,1,487,2011-09-25,2011,23,The Falcon and the D'ohman,8.08,39209.0,6,Sunday,2011,9,-0.1660304912478825,Individual Viewers (Millions)
489,6.6,654.0,3,489,2011-10-30,2011,23,Treehouse of Horror XXII,8.1,63816.0,6,Sunday,2011,10,-0.1660304912478825,Individual Viewers (Millions)
491,7.2,562.0,5,491,2011-11-13,2011,23,The Food Wife,7.5,42746.0,6,Sunday,2011,11,-0.1660304912478825,Individual Viewers (Millions)
494,6.2,476.0,8,494,2011-12-04,2011,23,The Ten-Per-Cent Solution,9.01,39002.0,6,Sunday,2011,12,-0.1660304912478825,Individual Viewers (Millions)
496,6.1,549.0,10,496,2012-01-08,2012,23,"Politically Inept, with Homer Simpson",5.07,44074.0,6,Sunday,2012,1,-0.1660304912478825,Individual Viewers (Millions)
498,5.7,562.0,12,498,2012-01-29,2012,23,Moe Goes from Rags to Riches,5.12,39838.0,6,Sunday,2012,1,-0.1660304912478825,Individual Viewers (Millions)
447,6.7,543.0,6,447,2009-11-22,2009,21,Pranks and Greens,7.03,,6,Sunday,2009,11,-0.1711363636363636,Individual Viewers (Millions)
91,8.5,1274.0,10,91,1993-12-16,1993,5,"$pringfield (or, How I Learned to Stop Worrying and Love Legalized Gambling)",17.9,82216.0,3,Thursday,1993,12,-0.22907961603613758,Household Viewers (Millions)
504,7.1,470.0,18,504,2012-04-15,2012,23,Beware My Cheating Bart,4.86,43422.0,6,Sunday,2012,4,-0.1660304912478825,Individual Viewers (Millions)
506,6.9,405.0,20,506,2012-05-06,2012,23,The Spy Who Learned Me,4.84,43544.0,6,Sunday,2012,5,-0.1660304912478825,Individual Viewers (Millions)
508,4.5,1215.0,22,508,2012-05-20,2012,23,Lisa Goes Gaga,4.82,44434.0,6,Sunday,2012,5,-0.1660304912478825,Individual Viewers (Millions)
513,6.3,426.0,5,513,2012-11-18,2012,24,Penny-Wiseguys,5.06,36897.0,6,Sunday,2012,11,-0.15142857142857152,Individual Viewers (Millions)
516,7.2,441.0,8,516,2012-12-16,2012,24,To Cur with Love,3.77,40726.0,6,Sunday,2012,12,-0.15142857142857152,Individual Viewers (Millions)
518,7.0,408.0,10,518,2013-01-13,2013,24,A Test Before Trying,5.04,41542.0,6,Sunday,2013,1,-0.15142857142857152,Individual Viewers (Millions)
520,6.5,471.0,12,520,2013-02-10,2013,24,Love is a Many-Splintered Thing,4.19,41828.0,6,Sunday,2013,2,-0.15142857142857152,Individual Viewers (Millions)
522,6.2,423.0,14,522,2013-03-03,2013,24,Gorgeous Grampa,4.66,39510.0,6,Sunday,2013,3,-0.15142857142857152,Individual Viewers (Millions)
525,6.5,425.0,17,525,2013-04-14,2013,24,What Animated Women Want,4.11,43471.0,6,Sunday,2013,4,-0.15142857142857152,Individual Viewers (Millions)
527,6.8,371.0,19,527,2013-05-05,2013,24,Whiskey Business,4.43,42810.0,6,Sunday,2013,5,-0.15142857142857152,Individual Viewers (Millions)
531,7.0,635.0,1,531,2013-09-29,2013,25,Homerland,6.37,47531.0,6,Sunday,2013,9,-0.15908526256352343,Individual Viewers (Millions)
534,6.7,489.0,4,534,2013-11-10,2013,25,YOLO,4.2,44551.0,6,Sunday,2013,11,-0.15908526256352343,Individual Viewers (Millions)
536,6.5,468.0,6,536,2013-11-24,2013,25,The Kid Is All Right,6.78,39590.0,6,Sunday,2013,11,-0.15908526256352343,Individual Viewers (Millions)
538,6.5,449.0,8,538,2013-12-15,2013,25,White Christmas Blues,8.48,39290.0,6,Sunday,2013,12,-0.15908526256352343,Individual Viewers (Millions)
541,7.2,431.0,11,541,2014-01-26,2014,25,Specs and the City,3.87,44119.0,6,Sunday,2014,1,-0.15908526256352343,Individual Viewers (Millions)
543,6.7,468.0,13,543,2014-03-09,2014,25,The Man Who Grew Too Much,3.75,44512.0,6,Sunday,2014,3,-0.15908526256352343,Individual Viewers (Millions)
545,7.0,414.0,15,545,2014-03-23,2014,25,The War of Art,3.98,41726.0,6,Sunday,2014,3,-0.15908526256352343,Individual Viewers (Millions)
547,6.5,415.0,17,547,2014-04-06,2014,25,Luca$,4.3,45184.0,6,Sunday,2014,4,-0.15908526256352343,Individual Viewers (Millions)
550,7.7,705.0,20,550,2014-05-04,2014,25,Brick Like Me,4.39,65613.0,6,Sunday,2014,5,-0.15908526256352343,Individual Viewers (Millions)
552,6.7,416.0,22,552,2014-05-18,2014,25,The Yellow Badge of Cowardge,3.28,46408.0,6,Sunday,2014,5,-0.15908526256352343,Individual Viewers (Millions)
554,6.9,490.0,2,554,2014-10-05,2014,26,The Wreck of the Relationship,4.27,38411.0,6,Sunday,2014,10,-0.22591756070016963,Individual Viewers (Millions)
557,6.3,442.0,5,557,2014-11-02,2014,26,Opposites A-Frack,4.22,36410.0,6,Sunday,2014,11,-0.22591756070016963,Individual Viewers (Millions)
559,6.9,456.0,7,559,2014-11-16,2014,26,Blazed and Confused,6.7,43513.0,6,Sunday,2014,11,-0.22591756070016963,Individual Viewers (Millions)
562,6.8,578.0,10,562,2015-01-04,2015,26,The Man Who Came to Be Dinner,10.62,36622.0,6,Sunday,2015,1,-0.22591756070016963,Individual Viewers (Millions)
564,5.8,439.0,12,564,2015-01-25,2015,26,The Musk Who Fell to Earth,3.29,35848.0,6,Sunday,2015,1,-0.22591756070016963,Individual Viewers (Millions)
570,6.7,334.0,18,570,2015-04-19,2015,26,Peeping Mom,3.23,40157.0,6,Sunday,2015,4,-0.22591756070016963,Individual Viewers (Millions)
9,7.5,1578.0,9,9,1990-03-18,1990,1,Life on the Fast Lane,33.5,64776.0,6,Sunday,1990,3,0.49670329670329777,Household Viewers (Millions)
11,7.8,1539.0,11,11,1990-04-15,1990,1,The Crepes of Wrath,31.2,60458.0,6,Sunday,1990,4,0.49670329670329777,Household Viewers (Millions)
13,7.9,1567.0,13,13,1990-05-13,1990,1,Some Enchanted Evening,27.1,57590.0,6,Sunday,1990,5,0.49670329670329777,Household Viewers (Millions)
15,8.3,1588.0,2,15,1990-10-18,1990,2,Simpson and Delilah,29.9,58553.0,3,Thursday,1990,10,-0.49943534726143546,Household Viewers (Millions)
16,8.2,1786.0,3,16,1990-10-25,1990,2,Treehouse of Horror,27.4,130282.0,3,Thursday,1990,10,-0.49943534726143546,Household Viewers (Millions)
18,7.5,1381.0,5,18,1990-11-08,1990,2,Dancin' Homer,26.1,49005.0,3,Thursday,1990,11,-0.49943534726143546,Household Viewers (Millions)
20,7.7,1324.0,7,20,1990-11-22,1990,2,Bart vs. Thanksgiving,25.9,47539.0,3,Thursday,1990,11,-0.49943534726143546,Household Viewers (Millions)
22,8.1,1402.0,9,22,1990-12-20,1990,2,Itchy & Scratchy & Marge,22.2,55413.0,3,Thursday,1990,12,-0.49943534726143546,Household Viewers (Millions)
25,8.2,1392.0,12,25,1991-01-31,1991,2,The Way We Was,26.8,51182.0,3,Thursday,1991,1,-0.49943534726143546,Household Viewers (Millions)
27,7.5,1241.0,14,27,1991-02-14,1991,2,Principal Charming,23.9,46823.0,3,Thursday,1991,2,-0.49943534726143546,Household Viewers (Millions)
29,7.5,1264.0,16,29,1991-03-07,1991,2,"Bart's Dog Gets an ""F""",23.9,47780.0,3,Thursday,1991,3,-0.49943534726143546,Household Viewers (Millions)
33,7.9,1246.0,20,33,1991-05-02,1991,2,The War of the Simpsons,19.7,51997.0,3,Thursday,1991,5,-0.49943534726143546,Household Viewers (Millions)
573,6.8,335.0,21,573,2015-05-10,2015,26,Bull-E,2.77,43978.0,6,Sunday,2015,5,-0.22591756070016963,Individual Viewers (Millions)
576,6.7,395.0,2,576,2015-10-04,2015,27,Cue Detective,6.02,178.0,6,Sunday,2015,10,-0.13258610954263153,Individual Viewers (Millions)
580,6.8,335.0,6,580,2015-11-08,2015,27,Friend with Benefit,3.48,175.0,6,Sunday,2015,11,-0.13258610954263153,Individual Viewers (Millions)
583,8.4,698.0,9,583,2015-12-13,2015,27,Barthood,5.97,182.0,6,Sunday,2015,12,-0.13258610954263153,Individual Viewers (Millions)
585,6.8,309.0,11,585,2016-01-10,2016,27,Teenage Mutant Milk-Caused Hurdles,8.33,172.0,6,Sunday,2016,1,-0.13258610954263153,Individual Viewers (Millions)
588,6.6,293.0,14,588,2016-02-21,2016,27,Gal of Constant Sorrow,3.1,144.0,6,Sunday,2016,2,-0.13258610954263153,Individual Viewers (Millions)
590,7.3,262.0,16,590,2016-03-13,2016,27,The Marge-ian Chronicles,3.07,201.0,6,Sunday,2016,3,-0.13258610954263153,Individual Viewers (Millions)
593,7.1,229.0,19,593,2016-04-24,2016,27,Fland Canyon,2.77,192.0,6,Sunday,2016,4,-0.13258610954263153,Individual Viewers (Millions)
595,6.4,227.0,21,595,2016-05-15,2016,27,Simprovised,2.8,228.0,6,Sunday,2016,5,-0.13258610954263153,Individual Viewers (Millions)
1,8.2,3734.0,1,1,1989-12-17,1989,1,Simpsons Roasting on an Open Fire,26.7,171408.0,6,Sunday,1989,12,0.49670329670329777,Household Viewers (Millions)
2,7.8,1973.0,2,2,1990-01-14,1990,1,Bart the Genius,24.5,91423.0,6,Sunday,1990,1,0.49670329670329777,Household Viewers (Millions)
4,7.8,1701.0,4,4,1990-01-28,1990,1,There's No Disgrace Like Home,20.2,67378.0,6,Sunday,1990,1,0.49670329670329777,Household Viewers (Millions)
6,7.6,1674.0,6,6,1990-02-11,1990,1,Moaning Lisa,27.4,55355.0,6,Sunday,1990,2,0.49670329670329777,Household Viewers (Millions)
8,7.7,1580.0,8,8,1990-02-25,1990,1,The Telltale Head,28.0,66311.0,6,Sunday,1990,2,0.49670329670329777,Household Viewers (Millions)
34,8.4,1379.0,21,34,1991-05-09,1991,2,Three Men and a Comic Book,21.0,50403.0,3,Thursday,1991,5,-0.49943534726143546,Household Viewers (Millions)
36,8.6,1798.0,1,36,1991-09-19,1991,3,Stark Raving Dad,22.9,55238.0,3,Thursday,1991,9,-0.06852173913043466,Household Viewers (Millions)
38,8.2,1302.0,3,38,1991-10-03,1991,3,When Flanders Failed,22.8,53499.0,3,Thursday,1991,10,-0.06852173913043466,Household Viewers (Millions)
40,8.5,1452.0,5,40,1991-10-17,1991,3,Homer Defined,20.6,50601.0,3,Thursday,1991,10,-0.06852173913043466,Household Viewers (Millions)
78,8.1,1122.0,19,78,1993-04-15,1993,4,The Front,20.1,53404.0,3,Thursday,1993,4,0.008752117447769443,Household Viewers (Millions)
73,8.1,1176.0,14,73,1993-02-04,1993,4,Brother from the Same Planet,23.8,59040.0,3,Thursday,1993,2,0.008752117447769443,Household Viewers (Millions)
86,8.7,1437.0,5,86,1993-10-28,1993,5,Treehouse of Horror IV,24.0,110251.0,3,Thursday,1993,10,-0.22907961603613758,Household Viewers (Millions)
71,9.0,2028.0,12,71,1993-01-14,1993,4,Marge vs. the Monorail,23.0,88171.0,3,Thursday,1993,1,0.008752117447769443,Household Viewers (Millions)
74,8.3,1268.0,15,74,1993-02-11,1993,4,I Love Lisa,25.2,62309.0,3,Thursday,1993,2,0.008752117447769443,Household Viewers (Millions)
90,8.4,1308.0,9,90,1993-12-09,1993,5,The Last Temptation of Homer,20.6,59350.0,3,Thursday,1993,12,-0.22907961603613758,Household Viewers (Millions)
54,7.7,1165.0,19,54,1992-03-12,1992,3,Dog of Death,23.4,49665.0,3,Thursday,1992,3,-0.06852173913043466,Household Viewers (Millions)
42,8.2,1369.0,7,42,1991-10-31,1991,3,Treehouse of Horror II,20.0,103012.0,3,Thursday,1991,10,-0.06852173913043466,Household Viewers (Millions)
43,7.9,1243.0,8,43,1991-11-07,1991,3,Lisa's Pony,23.0,53093.0,3,Thursday,1991,11,-0.06852173913043466,Household Viewers (Millions)
66,7.8,1163.0,7,66,1992-11-05,1992,4,Marge Gets a Job,22.9,69527.0,3,Thursday,1992,11,0.008752117447769443,Household Viewers (Millions)
47,8.2,1213.0,12,47,1991-12-26,1991,3,I Married Marge,21.9,47880.0,3,Thursday,1991,12,-0.06852173913043466,Household Viewers (Millions)
76,9.0,1827.0,17,76,1993-03-11,1993,4,Last Exit to Springfield,22.4,71907.0,3,Thursday,1993,3,0.008752117447769443,Household Viewers (Millions)
49,8.0,1179.0,14,49,1992-01-23,1992,3,Lisa the Greek,23.2,49457.0,3,Thursday,1992,1,-0.06852173913043466,Household Viewers (Millions)
57,7.7,1176.0,22,57,1992-04-23,1992,3,The Otto Show,17.5,50068.0,3,Thursday,1992,4,-0.06852173913043466,Household Viewers (Millions)
85,8.9,1479.0,4,85,1993-10-21,1993,5,Rosebud,19.5,57149.0,3,Thursday,1993,10,-0.22907961603613758,Household Viewers (Millions)
50,8.0,1176.0,15,50,1992-02-06,1992,3,Homer Alone,23.7,58991.0,3,Thursday,1992,2,-0.06852173913043466,Household Viewers (Millions)
52,8.6,1637.0,17,52,1992-02-20,1992,3,Homer at the Bat,24.6,72378.0,3,Thursday,1992,2,-0.06852173913043466,Household Viewers (Millions)
79,8.1,1234.0,20,79,1993-04-29,1993,4,Whacking Day,20.0,60739.0,3,Thursday,1993,4,0.008752117447769443,Household Viewers (Millions)
63,7.8,1194.0,4,63,1992-10-15,1992,4,Lisa the Beauty Queen,19.0,52203.0,3,Thursday,1992,10,0.008752117447769443,Household Viewers (Millions)
81,8.2,1269.0,22,81,1993-05-13,1993,4,Krusty Gets Kancelled,19.4,59948.0,3,Thursday,1993,5,0.008752117447769443,Household Viewers (Millions)
56,8.2,1233.0,21,56,1992-04-09,1992,3,Black Widower,17.3,57582.0,3,Thursday,1992,4,-0.06852173913043466,Household Viewers (Millions)
61,8.1,1339.0,2,61,1992-10-01,1992,4,A Streetcar Named Marge,18.3,54487.0,3,Thursday,1992,10,0.008752117447769443,Household Viewers (Millions)
64,8.4,1394.0,5,64,1992-10-29,1992,4,Treehouse of Horror III,25.1,108171.0,3,Thursday,1992,10,0.008752117447769443,Household Viewers (Millions)
68,8.8,1595.0,9,68,1992-11-19,1992,4,Mr. Plow,24.0,63564.0,3,Thursday,1992,11,0.008752117447769443,Household Viewers (Millions)
94,8.3,1171.0,13,94,1994-02-10,1994,5,Homer and Apu,21.8,58716.0,3,Thursday,1994,2,-0.22907961603613758,Household Viewers (Millions)
97,8.5,1191.0,16,97,1994-03-17,1994,5,Homer Loves Flanders,18.0,69996.0,3,Thursday,1994,3,-0.22907961603613758,Household Viewers (Millions)
99,8.4,1143.0,18,99,1994-04-14,1994,5,Burns' Heir,14.7,81678.0,3,Thursday,1994,4,-0.22907961603613758,Household Viewers (Millions)
137,8.0,1023.0,9,137,1995-11-26,1995,7,Sideshow Bob's Last Gleaming,14.2,61246.0,6,Sunday,1995,11,-0.17453846153846134,Household Viewers (Millions)
113,8.0,1060.0,10,113,1994-12-04,1994,6,Grampa vs. Sexual Inadequacy,14.1,64719.0,6,Sunday,1994,12,-0.1333076923076921,Household Viewers (Millions)
147,8.2,1103.0,19,147,1996-03-24,1996,7,A Fish Called Selma,12.9,57830.0,6,Sunday,1996,3,-0.17453846153846134,Household Viewers (Millions)
117,8.6,1221.0,14,117,1995-02-05,1995,6,Bart's Comet,18.7,67619.0,6,Sunday,1995,2,-0.1333076923076921,Household Viewers (Millions)
131,8.3,1088.0,3,131,1995-10-01,1995,7,Home Sweet Homediddly-Dum-Doodily,14.5,70120.0,6,Sunday,1995,10,-0.17453846153846134,Household Viewers (Millions)
142,7.7,962.0,14,142,1996-02-04,1996,7,Scenes from the Class Struggle in Springfield,14.4,58572.0,6,Sunday,1996,2,-0.17453846153846134,Household Viewers (Millions)
119,8.5,1353.0,16,119,1995-02-19,1995,6,Bart vs. Australia,15.1,80724.0,6,Sunday,1995,2,-0.1333076923076921,Household Viewers (Millions)
135,9.0,1633.0,7,135,1995-11-05,1995,7,King-Size Homer,17.0,81426.0,6,Sunday,1995,11,-0.17453846153846134,Household Viewers (Millions)
103,8.0,1060.0,22,103,1994-05-19,1994,5,Secrets of a Successful Marriage,15.6,67959.0,3,Thursday,1994,5,-0.22907961603613758,Household Viewers (Millions)
105,8.1,1156.0,2,105,1994-09-11,1994,6,Lisa's Rival,16.7,54225.0,6,Sunday,1994,9,-0.1333076923076921,Household Viewers (Millions)
121,8.5,1223.0,18,121,1995-03-05,1995,6,A Star Is Burns,14.4,71936.0,6,Sunday,1995,3,-0.1333076923076921,Household Viewers (Millions)
122,8.3,1190.0,19,122,1995-03-19,1995,6,Lisa's Wedding,14.4,74266.0,6,Sunday,1995,3,-0.1333076923076921,Household Viewers (Millions)
106,6.0,1051.0,3,106,1994-09-25,1994,6,Another Simpsons Clip Show,13.5,42576.0,6,Sunday,1994,9,-0.1333076923076921,Household Viewers (Millions)
133,8.5,1288.0,5,133,1995-10-15,1995,7,Lisa the Vegetarian,14.6,69245.0,6,Sunday,1995,10,-0.17453846153846134,Household Viewers (Millions)
124,8.1,1004.0,21,124,1995-04-16,1995,6,The PTA Disbands,11.8,74788.0,6,Sunday,1995,4,-0.1333076923076921,Household Viewers (Millions)
108,8.3,1142.0,5,108,1994-10-09,1994,6,Sideshow Bob Roberts,14.4,76932.0,6,Sunday,1994,10,-0.1333076923076921,Household Viewers (Millions)
110,8.0,1150.0,7,110,1994-11-06,1994,6,Bart's Girlfriend,15.3,62450.0,6,Sunday,1994,11,-0.1333076923076921,Household Viewers (Millions)
129,8.9,1497.0,1,129,1995-09-17,1995,7,Who Shot Mr. Burns? (Part Two),16.0,67579.0,6,Sunday,1995,9,-0.17453846153846134,Household Viewers (Millions)
126,8.2,1003.0,23,126,1995-05-07,1995,6,The Springfield Connection,12.7,79777.0,6,Sunday,1995,5,-0.1333076923076921,Household Viewers (Millions)
145,8.9,1609.0,17,145,1996-02-25,1996,7,Homer the Smithers,14.1,68354.0,6,Sunday,1996,2,-0.17453846153846134,Household Viewers (Millions)
112,9.0,1655.0,9,112,1994-11-27,1994,6,Homer Badman,17.0,71577.0,6,Sunday,1994,11,-0.1333076923076921,Household Viewers (Millions)
115,8.9,1457.0,12,115,1995-01-08,1995,6,Homer the Great,20.1,71002.0,6,Sunday,1995,1,-0.1333076923076921,Household Viewers (Millions)
138,7.5,1038.0,10,138,1995-12-03,1995,7,The Simpsons 138th Episode Spectacular,16.4,56153.0,6,Sunday,1995,12,-0.17453846153846134,Household Viewers (Millions)
141,8.7,1264.0,13,141,1996-01-14,1996,7,Two Bad Neighbors,16.5,64224.0,6,Sunday,1996,1,-0.17453846153846134,Household Viewers (Millions)
144,8.1,1039.0,16,144,1996-02-18,1996,7,Lisa the Iconoclast,13.4,58795.0,6,Sunday,1996,2,-0.17453846153846134,Household Viewers (Millions)
136,8.5,1226.0,8,136,1995-11-19,1995,7,Mother Simpson,15.3,61085.0,6,Sunday,1995,11,-0.17453846153846134,Household Viewers (Millions)
150,8.3,1122.0,22,150,1996-04-28,1996,7,"Raging Abe Simpson and His Grumbling Grandson in ""The Curse of the Flying Hellfish""",13.0,69120.0,6,Sunday,1996,4,-0.17453846153846134,Household Viewers (Millions)
152,8.0,1095.0,24,152,1996-05-19,1996,7,Homerpalooza,12.9,60569.0,6,Sunday,1996,5,-0.17453846153846134,Household Viewers (Millions)
181,8.1,980.0,3,181,1997-10-19,1997,9,Lisa's Sax,12.9,20008.0,6,Sunday,1997,10,-0.15323076923076925,Household Viewers (Millions)
166,7.7,1088.0,13,166,1997-02-07,1997,8,Simpsoncalifragilisticexpiala(Annoyed Grunt)cious,17.7,57608.0,4,Friday,1997,2,-0.09198899250879057,Household Viewers (Millions)
154,8.3,1186.0,1,154,1996-10-27,1996,8,Treehouse of Horror VII,18.3,102077.0,6,Sunday,1996,10,-0.09198899250879057,Household Viewers (Millions)
169,8.2,1100.0,16,169,1997-02-23,1997,8,Brother from Another Series,15.1,56659.0,6,Sunday,1997,2,-0.09198899250879057,Household Viewers (Millions)
156,8.0,1085.0,3,156,1996-11-10,1996,8,The Homer They Fall,17.0,61146.0,6,Sunday,1996,11,-0.09198899250879057,Household Viewers (Millions)
158,8.2,1098.0,5,158,1996-11-24,1996,8,Bart After Dark,14.1,60210.0,6,Sunday,1996,11,-0.09198899250879057,Household Viewers (Millions)
202,7.7,880.0,24,202,1998-05-10,1998,9,Lost Our Lisa,7.6,55316.0,6,Sunday,1998,5,-0.15323076923076925,Household Viewers (Millions)
199,7.9,905.0,21,199,1998-04-19,1998,9,Girly Edition,8.5,21811.0,6,Sunday,1998,4,-0.15323076923076925,Household Viewers (Millions)
187,7.5,888.0,9,187,1997-12-07,1997,9,Realty Bites,10.6,25183.0,6,Sunday,1997,12,-0.15323076923076925,Household Viewers (Millions)
174,7.9,967.0,21,174,1997-04-20,1997,8,The Old Man and the Lisa,14.0,56833.0,6,Sunday,1997,4,-0.09198899250879057,Household Viewers (Millions)
159,8.0,1008.0,6,159,1996-12-01,1996,8,A Milhouse Divided,12.8,60956.0,6,Sunday,1996,12,-0.09198899250879057,Household Viewers (Millions)
170,8.1,1020.0,17,170,1997-03-02,1997,8,"My Sister, My Sitter",15.1,54247.0,6,Sunday,1997,3,-0.09198899250879057,Household Viewers (Millions)
193,7.5,878.0,15,193,1998-02-22,1998,9,The Last Temptation of Krust,9.5,20298.0,6,Sunday,1998,2,-0.15323076923076925,Household Viewers (Millions)
183,8.2,1081.0,5,183,1997-11-02,1997,9,The Cartridge Family,10.3,30921.0,6,Sunday,1997,11,-0.15323076923076925,Household Viewers (Millions)
172,8.2,995.0,19,172,1997-04-06,1997,8,Grade School Confidential,13.3,60584.0,6,Sunday,1997,4,-0.09198899250879057,Household Viewers (Millions)
161,8.8,1268.0,8,161,1996-12-29,1996,8,Hurricane Neddy,15.076670233909187,66281.0,6,Sunday,1996,12,-0.09198899250879057,Household Viewers (Millions)
197,8.3,1026.0,19,197,1998-03-29,1998,9,Simpson Tide,9.0,23127.0,6,Sunday,1998,3,-0.15323076923076925,Household Viewers (Millions)
177,7.3,1006.0,24,177,1997-05-11,1997,8,The Simpsons Spin-Off Showcase,11.6,57926.0,6,Sunday,1997,5,-0.09198899250879057,Household Viewers (Millions)
179,9.1,1918.0,1,179,1997-09-21,1997,9,The City of New York vs. Homer Simpson,10.5,62962.0,6,Sunday,1997,9,-0.15323076923076925,Household Viewers (Millions)
188,7.6,958.0,10,188,1997-12-21,1997,9,Miracle on Evergreen Terrace,9.6,19899.0,6,Sunday,1997,12,-0.15323076923076925,Household Viewers (Millions)
201,8.3,962.0,23,201,1998-05-03,1998,9,King of the Hill,9.2,60952.0,6,Sunday,1998,5,-0.15323076923076925,Household Viewers (Millions)
192,8.1,1036.0,14,192,1998-02-15,1998,9,Das Bus,9.6,32487.0,6,Sunday,1998,2,-0.15323076923076925,Household Viewers (Millions)
204,7.6,932.0,1,204,1998-08-23,1998,10,Lard of the Dance,7.0,56018.0,6,Sunday,1998,8,0.03665019762845839,Household Viewers (Millions)
190,7.7,938.0,12,190,1998-01-11,1998,9,Bart Carny,11.7,22426.0,6,Sunday,1998,1,-0.15323076923076925,Household Viewers (Millions)
195,8.0,957.0,17,195,1998-03-08,1998,9,Lisa the Simpson,10.4,21608.0,6,Sunday,1998,3,-0.15323076923076925,Household Viewers (Millions)
146,8.0,1016.0,18,146,1996-03-17,1996,7,The Day the Violence Died,14.4,57809.0,6,Sunday,1996,3,-0.17453846153846134,Household Viewers (Millions)
208,7.3,934.0,5,208,1998-11-08,1998,10,When You Dish Upon a Star,9.0,43485.0,6,Sunday,1998,11,0.03665019762845839,Household Viewers (Millions)
210,8.0,909.0,7,210,1998-11-22,1998,10,"Lisa Gets an ""A""",8.0,50013.0,6,Sunday,1998,11,0.03665019762845839,Household Viewers (Millions)
211,7.3,863.0,8,211,1998-12-06,1998,10,"Homer Simpson in: ""Kidney Trouble""",7.2,50300.0,6,Sunday,1998,12,0.03665019762845839,Household Viewers (Millions)
252,7.2,731.0,4,252,2000-11-19,2000,12,Lisa the Tree Hugger,14.9,39480.0,6,Sunday,2000,11,-0.07090909090909082,Individual Viewers (Millions)
215,6.9,880.0,12,215,1999-01-31,1999,10,"Sunday, Cruddy Sunday",11.5,50051.0,6,Sunday,1999,1,0.03665019762845839,Household Viewers (Millions)
220,7.6,843.0,17,220,1999-03-28,1999,10,Maximum Homerdrive,15.5,54195.0,6,Sunday,1999,3,0.03665019762845839,Household Viewers (Millions)
232,7.3,759.0,6,232,1999-11-14,1999,11,"Hello Gutter, Hello Fadder",9.2,44615.0,6,Sunday,1999,11,0.011501976284584858,Household Viewers (Millions)
221,7.3,851.0,18,221,1999-04-04,1999,10,Simpsons Bible Stories,12.2,47155.0,6,Sunday,1999,4,0.03665019762845839,Household Viewers (Millions)
260,6.9,730.0,12,260,2001-02-11,2001,12,Tennis the Menace,14.0,51004.0,6,Sunday,2001,2,-0.07090909090909082,Individual Viewers (Millions)
213,7.8,928.0,10,213,1999-01-10,1999,10,Viva Ned Flanders,11.5,56561.0,6,Sunday,1999,1,0.03665019762845839,Household Viewers (Millions)
230,7.7,876.0,4,230,1999-10-31,1999,11,Treehouse of Horror X,8.7,47980.0,6,Sunday,1999,10,0.011501976284584858,Household Viewers (Millions)
246,7.2,716.0,20,246,2000-05-07,2000,11,Last Tap Dance in Springfield,7.3,47061.0,6,Sunday,2000,5,0.011501976284584858,Household Viewers (Millions)
228,7.5,776.0,2,228,1999-10-03,1999,11,Brother's Little Helper,7.1,44172.0,6,Sunday,1999,10,0.011501976284584858,Household Viewers (Millions)
223,7.3,779.0,20,223,1999-04-25,1999,10,"The Old Man and the ""C"" Student",6.9,47550.0,6,Sunday,1999,4,0.03665019762845839,Household Viewers (Millions)
243,7.0,780.0,17,243,2000-03-19,2000,11,Bart to the Future,8.77,75315.0,6,Sunday,2000,3,0.011501976284584858,Household Viewers (Millions)
227,7.3,917.0,1,227,1999-09-26,1999,11,Beyond Blunderdome,8.1,34394.0,6,Sunday,1999,9,0.011501976284584858,Household Viewers (Millions)
225,7.3,804.0,22,225,1999-05-09,1999,10,They Saved Lisa's Brain,6.8,47951.0,6,Sunday,1999,5,0.03665019762845839,Household Viewers (Millions)
216,7.7,882.0,13,216,1999-02-07,1999,10,Homer to the Max,8.3,55726.0,6,Sunday,1999,2,0.03665019762845839,Household Viewers (Millions)
234,7.1,775.0,8,234,1999-11-28,1999,11,"Take My Wife, Sleaze",8.9,41484.0,6,Sunday,1999,11,0.011501976284584858,Household Viewers (Millions)
236,7.3,715.0,10,236,2000-01-09,2000,11,Little Big Mom,10.0,48194.0,6,Sunday,2000,1,0.011501976284584858,Household Viewers (Millions)
237,6.9,734.0,11,237,2000-01-16,2000,11,Faith Off,10.4,43869.0,6,Sunday,2000,1,0.011501976284584858,Household Viewers (Millions)
259,7.5,761.0,11,259,2001-02-04,2001,12,Worst Episode Ever,18.5,49893.0,6,Sunday,2001,2,-0.07090909090909082,Individual Viewers (Millions)
239,6.6,822.0,13,239,2000-02-06,2000,11,Saddlesore Galactica,9.6,41259.0,6,Sunday,2000,2,0.011501976284584858,Household Viewers (Millions)
248,7.9,955.0,22,248,2000-05-21,2000,11,Behind the Laughter,8.3,74046.0,6,Sunday,2000,5,0.011501976284584858,Household Viewers (Millions)
255,7.3,766.0,7,255,2000-12-10,2000,12,The Great Money Caper,16.8,49325.0,6,Sunday,2000,12,-0.07090909090909082,Individual Viewers (Millions)
241,7.3,777.0,15,241,2000-02-20,2000,11,Missionary: Impossible,9.8,50427.0,6,Sunday,2000,2,0.011501976284584858,Household Viewers (Millions)
244,7.4,724.0,18,244,2000-04-09,2000,11,Days of Wine and D'oh'ses,8.3,48786.0,6,Sunday,2000,4,0.011501976284584858,Household Viewers (Millions)
148,8.6,1110.0,20,148,1996-03-31,1996,7,Bart on the Road,11.8,70913.0,6,Sunday,1996,3,-0.17453846153846134,Household Viewers (Millions)
264,6.5,691.0,16,264,2001-03-11,2001,12,"Bye, Bye, Nerdie",16.1,45718.0,6,Sunday,2001,3,-0.07090909090909082,Individual Viewers (Millions)
267,7.3,721.0,19,267,2001-05-06,2001,12,I'm Goin' to Praiseland,13.1,49321.0,6,Sunday,2001,5,-0.07090909090909082,Individual Viewers (Millions)
269,7.0,688.0,21,269,2001-05-20,2001,12,Simpsons Tall Tales,13.4,56698.0,6,Sunday,2001,5,-0.07090909090909082,Individual Viewers (Millions)
287,7.7,704.0,18,287,2002-04-28,2002,13,I Am Furious (Yellow),12.4,69650.0,6,Sunday,2002,4,-0.1593450028232637,Individual Viewers (Millions)
288,6.9,598.0,19,288,2002-05-05,2002,13,The Sweetest Apu,11.8,47193.0,6,Sunday,2002,5,-0.1593450028232637,Individual Viewers (Millions)
316,7.0,631.0,3,316,2003-11-16,2003,15,The President Wore Pearls,12.7,37456.0,6,Sunday,2003,11,-0.2494184076792774,Individual Viewers (Millions)
271,7.1,674.0,2,271,2001-11-11,2001,13,The Parent Rap,14.9,47251.0,6,Sunday,2001,11,-0.1593450028232637,Individual Viewers (Millions)
285,7.7,765.0,16,285,2002-04-07,2002,13,Weekend at Burnsie's,12.5,54539.0,6,Sunday,2002,4,-0.1593450028232637,Individual Viewers (Millions)
295,7.1,704.0,4,295,2002-11-24,2002,14,Large Marge,17.4,55369.0,6,Sunday,2002,11,-0.1770412196499154,Individual Viewers (Millions)
280,7.1,621.0,11,280,2002-02-17,2002,13,The Bart Wants What It Wants,11.2,45176.0,6,Sunday,2002,2,-0.1593450028232637,Individual Viewers (Millions)
305,6.9,577.0,14,305,2003-03-09,2003,14,Mr. Spritz Goes to Washington,14.4,44837.0,6,Sunday,2003,3,-0.1770412196499154,Individual Viewers (Millions)
273,7.2,651.0,4,273,2001-12-02,2001,13,A Hunka Hunka Burns in Love,13.4,37376.0,6,Sunday,2001,12,-0.1593450028232637,Individual Viewers (Millions)
293,7.3,713.0,2,293,2002-11-10,2002,14,How I Spent My Strummer Vacation,12.5,35578.0,6,Sunday,2002,11,-0.1770412196499154,Individual Viewers (Millions)
275,7.1,692.0,6,275,2001-12-16,2001,13,She of Little Faith,13.2,45824.0,6,Sunday,2001,12,-0.1593450028232637,Individual Viewers (Millions)
296,6.8,633.0,5,296,2002-12-01,2002,14,Helter Shelter,15.1,42907.0,6,Sunday,2002,12,-0.1770412196499154,Individual Viewers (Millions)
283,7.3,630.0,14,283,2002-03-17,2002,13,Tales from the Public Domain,11.7,50301.0,6,Sunday,2002,3,-0.1593450028232637,Individual Viewers (Millions)
300,6.9,644.0,9,300,2003-02-02,2003,14,The Strong Arms of the Ma,15.4,51877.0,6,Sunday,2003,2,-0.1770412196499154,Individual Viewers (Millions)
276,6.9,649.0,7,276,2002-01-06,2002,13,Brawl in the Family,11.8,45684.0,6,Sunday,2002,1,-0.1593450028232637,Individual Viewers (Millions)
278,7.3,642.0,9,278,2002-01-27,2002,13,Jaws Wired Shut,14.2,49429.0,6,Sunday,2002,1,-0.1593450028232637,Individual Viewers (Millions)
289,7.2,613.0,20,289,2002-05-12,2002,13,Little Girl in the Big Ten,11.2,46466.0,6,Sunday,2002,5,-0.1593450028232637,Individual Viewers (Millions)
310,6.8,574.0,19,310,2003-05-04,2003,14,Old Yeller-Belly,11.59,43223.0,6,Sunday,2003,5,-0.1770412196499154,Individual Viewers (Millions)
298,7.1,593.0,7,298,2003-01-05,2003,14,Special Edna,15.0,40867.0,6,Sunday,2003,1,-0.1770412196499154,Individual Viewers (Millions)
302,6.6,650.0,11,302,2003-02-16,2003,14,Barting Over,21.3,47276.0,6,Sunday,2003,2,-0.1770412196499154,Individual Viewers (Millions)
309,7.0,651.0,18,309,2003-04-27,2003,14,"Dude, Where's My Ranch?",11.71,49000.0,6,Sunday,2003,4,-0.1770412196499154,Individual Viewers (Millions)
312,6.6,575.0,21,312,2003-05-18,2003,14,The Bart of War,12.1,50464.0,6,Sunday,2003,5,-0.1770412196499154,Individual Viewers (Millions)
314,7.4,738.0,1,314,2003-11-02,2003,15,Treehouse of Horror XIV,16.22,68381.0,6,Sunday,2003,11,-0.2494184076792774,Individual Viewers (Millions)
165,8.6,1137.0,12,165,1997-02-02,1997,8,Mountain of Madness,9.1,60763.0,6,Sunday,1997,2,-0.09198899250879057,Household Viewers (Millions)
319,6.6,576.0,6,319,2003-12-07,2003,15,Today I Am a Clown,10.5,37890.0,6,Sunday,2003,12,-0.2494184076792774,Individual Viewers (Millions)
321,6.7,589.0,8,321,2004-01-04,2004,15,"Marge vs. Singles, Seniors, Childless Couples and Teens and Gays",12.0,50276.0,6,Sunday,2004,1,-0.2494184076792774,Individual Viewers (Millions)
323,7.3,596.0,10,323,2004-01-25,2004,15,Diatribe of a Mad Housewife,10.6,45062.0,6,Sunday,2004,1,-0.2494184076792774,Individual Viewers (Millions)
337,7.0,566.0,2,337,2004-11-14,2004,16,All's Fair in Oven War,11.64,41064.0,6,Sunday,2004,11,-0.11907792207792203,Individual Viewers (Millions)
334,6.2,593.0,21,334,2004-05-16,2004,15,Bart-Mangled Banner,8.7,56275.0,6,Sunday,2004,5,-0.2494184076792774,Individual Viewers (Millions)
353,6.8,554.0,18,353,2005-05-08,2005,16,A Star Is Torn,8.72,44500.0,6,Sunday,2005,5,-0.11907792207792203,Individual Viewers (Millions)
362,6.9,543.0,6,362,2005-11-20,2005,17,See Homer Run,10.3,40306.0,6,Sunday,2005,11,-0.15907961603613796,Individual Viewers (Millions)
325,7.3,583.0,12,325,2004-02-15,2004,15,Milhouse Doesn't Live Here Anymore,9.4,46792.0,6,Sunday,2004,2,-0.2494184076792774,Individual Viewers (Millions)
327,6.9,568.0,14,327,2004-03-14,2004,15,The Ziff Who Came to Dinner,10.7,43747.0,6,Sunday,2004,3,-0.2494184076792774,Individual Viewers (Millions)
343,6.4,582.0,8,343,2005-02-06,2005,16,Homer and Ned's Hail Mary Pass,23.07,43356.0,6,Sunday,2005,2,-0.11907792207792203,Individual Viewers (Millions)
358,6.9,585.0,2,358,2005-09-18,2005,17,The Girl Who Slept Too Little,9.79,35717.0,6,Sunday,2005,9,-0.15907961603613796,Individual Viewers (Millions)
329,6.9,599.0,16,329,2004-03-28,2004,15,The Wandering Juvie,10.5,44539.0,6,Sunday,2004,3,-0.2494184076792774,Individual Viewers (Millions)
359,7.0,558.0,3,359,2005-09-25,2005,17,Milhouse of Sand and Fog,10.19,35779.0,6,Sunday,2005,9,-0.15907961603613796,Individual Viewers (Millions)
360,7.3,646.0,4,360,2005-11-06,2005,17,Treehouse of Horror XVI,11.63,74401.0,6,Sunday,2005,11,-0.15907961603613796,Individual Viewers (Millions)
366,6.7,554.0,10,366,2006-01-08,2006,17,Homer's Paternity Coot,10.1,39552.0,6,Sunday,2006,1,-0.15907961603613796,Individual Viewers (Millions)
339,6.6,562.0,4,339,2004-12-05,2004,16,She Used to Be My Girl,10.81,38908.0,6,Sunday,2004,12,-0.11907792207792203,Individual Viewers (Millions)
330,6.7,560.0,17,330,2004-04-18,2004,15,My Big Fat Geek Wedding,9.2,42440.0,6,Sunday,2004,4,-0.2494184076792774,Individual Viewers (Millions)
350,7.3,615.0,15,350,2005-04-17,2005,16,Future-Drama,8.31,53146.0,6,Sunday,2005,4,-0.11907792207792203,Individual Viewers (Millions)
364,7.0,706.0,8,364,2005-12-11,2005,17,The Italian Bob,10.39,45513.0,6,Sunday,2005,12,-0.15907961603613796,Individual Viewers (Millions)
332,7.3,600.0,19,332,2004-05-02,2004,15,Simple Simpson,9.5,46273.0,6,Sunday,2004,5,-0.2494184076792774,Individual Viewers (Millions)
367,7.0,535.0,11,367,2006-01-29,2006,17,We're on the Road to D'ohwhere,9.04,43599.0,6,Sunday,2006,1,-0.15907961603613796,Individual Viewers (Millions)
346,6.9,572.0,11,346,2005-03-06,2005,16,On a Clear Day I Can't See My Sister,10.39,46309.0,6,Sunday,2005,3,-0.11907792207792203,Individual Viewers (Millions)
355,7.1,546.0,20,355,2005-05-15,2005,16,Home Away from Homer,8.17,44606.0,6,Sunday,2005,5,-0.11907792207792203,Individual Viewers (Millions)
336,7.4,666.0,1,336,2004-11-07,2004,16,Treehouse of Horror XV,11.29,72271.0,6,Sunday,2004,11,-0.11907792207792203,Individual Viewers (Millions)
341,7.3,554.0,6,341,2005-01-16,2005,16,Midnight Rx,8.11,43118.0,6,Sunday,2005,1,-0.11907792207792203,Individual Viewers (Millions)
344,6.8,607.0,9,344,2005-02-13,2005,16,Pranksta Rap,8.01,42759.0,6,Sunday,2005,2,-0.11907792207792203,Individual Viewers (Millions)
194,7.6,887.0,16,194,1998-03-01,1998,9,Dumbbell Indemnity,10.3,21214.0,6,Sunday,1998,3,-0.15323076923076925,Household Viewers (Millions)
375,7.2,582.0,19,375,2006-04-30,2006,17,Girls Just Want to Have Sums,8.7,45267.0,6,Sunday,2006,4,-0.15907961603613796,Individual Viewers (Millions)
377,7.1,596.0,21,377,2006-05-14,2006,17,The Monkey Suit,8.3,48419.0,6,Sunday,2006,5,-0.15907961603613796,Individual Viewers (Millions)
396,6.3,585.0,18,396,2007-04-29,2007,18,The Boys of Bummer,7.57,44770.0,6,Sunday,2007,4,-0.1371146245059288,Individual Viewers (Millions)
405,7.1,687.0,5,405,2007-11-04,2007,19,Treehouse of Horror XVIII,11.7,69957.0,6,Sunday,2007,11,-0.1985338345864664,Individual Viewers (Millions)
393,6.3,606.0,15,393,2007-03-11,2007,18,Rome-Old and Juli-Eh,8.98,41751.0,6,Sunday,2007,3,-0.1371146245059288,Individual Viewers (Millions)
416,6.1,585.0,16,416,2008-04-13,2008,19,Papa Don't Leech,6.9,39238.0,6,Sunday,2008,4,-0.1985338345864664,Individual Viewers (Millions)
378,6.6,587.0,22,378,2006-05-21,2006,17,Marge and Homer Turn a Couple Play,8.23,42778.0,6,Sunday,2006,5,-0.15907961603613796,Individual Viewers (Millions)
388,6.6,615.0,10,388,2007-01-07,2007,18,The Wife Aquatic,13.9,41312.0,6,Sunday,2007,1,-0.1371146245059288,Individual Viewers (Millions)
423,7.0,638.0,3,423,2008-10-19,2008,20,"Double, Double, Boy in Trouble",8.09,45781.0,6,Sunday,2008,10,-0.17758441558441557,Individual Viewers (Millions)
382,7.1,723.0,4,382,2006-11-05,2006,18,Treehouse of Horror XVII,10.43,68799.0,6,Sunday,2006,11,-0.1371146245059288,Individual Viewers (Millions)
411,6.3,1069.0,11,411,2008-01-27,2008,19,That '90s Show,7.6,43485.0,6,Sunday,2008,1,-0.1985338345864664,Individual Viewers (Millions)
428,6.6,615.0,8,428,2008-12-07,2008,20,The Burns and the Bees,6.19,38247.0,6,Sunday,2008,12,-0.17758441558441557,Individual Viewers (Millions)
384,6.8,605.0,6,384,2006-11-19,2006,18,Moe'N'a Lisa,9.31,37177.0,6,Sunday,2006,11,-0.1371146245059288,Individual Viewers (Millions)
386,7.2,578.0,8,386,2006-12-10,2006,18,The Haw-Hawed Couple,8.29,41161.0,6,Sunday,2006,12,-0.1371146245059288,Individual Viewers (Millions)
407,7.1,762.0,7,407,2007-11-18,2007,19,Husbands and Knives,10.5,44445.0,6,Sunday,2007,11,-0.1985338345864664,Individual Viewers (Millions)
420,6.4,538.0,20,420,2008-05-18,2008,19,All About Lisa,6.11,44616.0,6,Sunday,2008,5,-0.1985338345864664,Individual Viewers (Millions)
400,7.3,692.0,22,400,2007-05-20,2007,18,You Kent Always Say What You Want,9.8,45281.0,6,Sunday,2007,5,-0.1371146245059288,Individual Viewers (Millions)
425,6.6,615.0,5,425,2008-11-09,2008,20,Dangerous Curves,8.16,40078.0,6,Sunday,2008,11,-0.17758441558441557,Individual Viewers (Millions)
391,7.3,617.0,13,391,2007-02-18,2007,18,Springfield Up,8.8,45036.0,6,Sunday,2007,2,-0.1371146245059288,Individual Viewers (Millions)
389,7.0,580.0,11,389,2007-01-28,2007,18,Revenge Is a Dish Best Served Three Times,8.09,67621.0,6,Sunday,2007,1,-0.1371146245059288,Individual Viewers (Millions)
395,7.3,678.0,17,395,2007-04-22,2007,18,Marge Gamer,6.4,47107.0,6,Sunday,2007,4,-0.1371146245059288,Individual Viewers (Millions)
398,7.0,569.0,20,398,2007-05-13,2007,18,Stop! Or My Dog Will Shoot,6.48,42892.0,6,Sunday,2007,5,-0.1371146245059288,Individual Viewers (Millions)
414,7.3,626.0,14,414,2008-03-09,2008,19,Dial 'N' for Nerder,7.3,41658.0,6,Sunday,2008,3,-0.1985338345864664,Individual Viewers (Millions)
412,6.6,636.0,12,412,2008-02-17,2008,19,"Love, Springfieldian Style",7.81,40507.0,6,Sunday,2008,2,-0.1985338345864664,Individual Viewers (Millions)
427,7.1,728.0,7,427,2008-11-30,2008,20,MyPods and Boomsticks,7.8,40353.0,6,Sunday,2008,11,-0.17758441558441557,Individual Viewers (Millions)
421,7.2,780.0,1,421,2008-09-28,2008,20,"Sex, Pies and Idiot Scrapes",9.3,45735.0,6,Sunday,2008,9,-0.17758441558441557,Individual Viewers (Millions)
418,7.0,585.0,18,418,2008-05-04,2008,19,Any Given Sundance,6.18,41440.0,6,Sunday,2008,5,-0.1985338345864664,Individual Viewers (Millions)
206,7.5,899.0,3,206,1998-09-27,1998,10,Bart the Mother,7.35,43240.0,6,Sunday,1998,9,0.03665019762845839,Household Viewers (Millions)
430,7.0,591.0,10,430,2009-02-15,2009,20,"Take My Life, Please",6.82,40679.0,6,Sunday,2009,2,-0.17758441558441557,Individual Viewers (Millions)
432,7.0,582.0,12,432,2009-03-08,2009,20,"No Loan Again, Naturally",5.99,41165.0,6,Sunday,2009,3,-0.17758441558441557,Individual Viewers (Millions)
465,6.3,691.0,1,465,2010-09-26,2010,22,Elementary School Musical,7.75,31638.0,6,Sunday,2010,9,-0.16637492941840787,Individual Viewers (Millions)
439,7.1,613.0,19,439,2009-05-03,2009,20,"Waverly Hills, 9-0-2-1-D'oh",6.75,45032.0,6,Sunday,2009,5,-0.17758441558441557,Individual Viewers (Millions)
463,7.2,545.0,22,463,2010-05-16,2010,21,The Bob Next Door,6.26,43446.0,6,Sunday,2010,5,-0.1711363636363636,Individual Viewers (Millions)
437,7.2,605.0,17,437,2009-04-19,2009,20,"The Good, the Sad and the Drugly",6.5,45179.0,6,Sunday,2009,4,-0.17758441558441557,Individual Viewers (Millions)
451,6.7,552.0,10,451,2010-01-10,2010,21,Once Upon a Time in Springfield,14.62,40194.0,6,Sunday,2010,1,-0.1711363636363636,Individual Viewers (Millions)
443,6.6,585.0,2,443,2009-10-04,2009,21,Bart Gets a 'Z',9.32,38196.0,6,Sunday,2009,10,-0.1711363636363636,Individual Viewers (Millions)
436,7.2,604.0,16,436,2009-04-05,2009,20,Eeny Teeny Maya Moe,6.5,40864.0,6,Sunday,2009,4,-0.17758441558441557,Individual Viewers (Millions)
459,6.9,482.0,18,459,2010-04-18,2010,21,Chief of Hearts,5.93,41528.0,6,Sunday,2010,4,-0.1711363636363636,Individual Viewers (Millions)
444,6.3,562.0,3,444,2009-10-11,2009,21,The Great Wife Hope,7.5,39134.0,6,Sunday,2009,10,-0.1711363636363636,Individual Viewers (Millions)
461,7.2,519.0,20,461,2010-05-02,2010,21,To Surveil with Love,6.06,45738.0,6,Sunday,2010,5,-0.1711363636363636,Individual Viewers (Millions)
479,6.7,489.0,15,479,2011-03-06,2011,22,The Scorpion's Tale,6.2,42142.0,6,Sunday,2011,3,-0.16637492941840787,Individual Viewers (Millions)
477,6.9,461.0,13,477,2011-02-13,2011,22,The Blue and the Gray,5.61,42028.0,6,Sunday,2011,2,-0.16637492941840787,Individual Viewers (Millions)
454,6.6,496.0,13,454,2010-02-21,2010,21,The Color Yellow,6.08,41059.0,6,Sunday,2010,2,-0.1711363636363636,Individual Viewers (Millions)
470,6.5,479.0,6,470,2010-11-21,2010,22,The Fool Monty,6.58,38097.0,6,Sunday,2010,11,-0.16637492941840787,Individual Viewers (Millions)
449,7.2,542.0,8,449,2009-12-13,2009,21,"O Brother, Where Bart Thou?",7.11,38097.0,6,Sunday,2009,12,-0.1711363636363636,Individual Viewers (Millions)
453,6.8,525.0,12,453,2010-02-14,2010,21,Boy Meets Curl,5.87,44945.0,6,Sunday,2010,2,-0.1711363636363636,Individual Viewers (Millions)
481,6.5,470.0,17,481,2011-03-27,2011,22,Love Is a Many Strangled Thing,6.14,41202.0,6,Sunday,2011,3,-0.16637492941840787,Individual Viewers (Millions)
446,6.7,560.0,5,446,2009-11-15,2009,21,The Devil Wears Nada,9.04,42893.0,6,Sunday,2009,11,-0.1711363636363636,Individual Viewers (Millions)
484,7.2,483.0,20,484,2011-05-08,2011,22,Homer Scissorhands,5.48,46154.0,6,Sunday,2011,5,-0.16637492941840787,Individual Viewers (Millions)
456,7.0,554.0,15,456,2010-03-21,2010,21,Stealing First Base,5.69,40487.0,6,Sunday,2010,3,-0.1711363636363636,Individual Viewers (Millions)
471,6.4,489.0,7,471,2010-11-28,2010,22,How Munched is That Birdie in the Window?,9.38,37568.0,6,Sunday,2010,11,-0.16637492941840787,Individual Viewers (Millions)
483,6.6,486.0,19,483,2011-05-01,2011,22,The Real Housewives of Fat Tony,6.1,41638.0,6,Sunday,2011,5,-0.16637492941840787,Individual Viewers (Millions)
474,6.3,464.0,10,474,2011-01-09,2011,22,Moms I'd Like to Forget,12.6,41253.0,6,Sunday,2011,1,-0.16637492941840787,Individual Viewers (Millions)
467,6.8,501.0,3,467,2010-10-10,2010,22,MoneyBart,6.72,39073.0,6,Sunday,2010,10,-0.16637492941840787,Individual Viewers (Millions)
475,6.9,520.0,11,475,2011-01-16,2011,22,Flaming Moe,6.47,42734.0,6,Sunday,2011,1,-0.16637492941840787,Individual Viewers (Millions)
217,7.3,815.0,14,217,1999-02-14,1999,10,I'm with Cupid,7.7,46822.0,6,Sunday,1999,2,0.03665019762845839,Household Viewers (Millions)
488,7.0,528.0,2,488,2011-10-02,2011,23,Bart Stops to Smell the Roosevelts,6.19,37642.0,6,Sunday,2011,10,-0.1660304912478825,Individual Viewers (Millions)
490,6.7,491.0,4,490,2011-11-06,2011,23,Replaceable You,7.97,38034.0,6,Sunday,2011,11,-0.1660304912478825,Individual Viewers (Millions)
497,7.0,553.0,11,497,2012-01-15,2012,23,The D'oh-cial Network,11.48,43275.0,6,Sunday,2012,1,-0.1660304912478825,Individual Viewers (Millions)
540,7.1,475.0,10,540,2014-01-12,2014,25,Married to the Blob,4.83,40646.0,6,Sunday,2014,1,-0.15908526256352343,Individual Viewers (Millions)
507,6.7,408.0,21,507,2012-05-13,2012,23,Ned 'n Edna's Blend,4.07,47005.0,6,Sunday,2012,5,-0.1660304912478825,Individual Viewers (Millions)
512,6.7,415.0,4,512,2012-11-11,2012,24,Gone Abie Gone,6.86,35136.0,6,Sunday,2012,11,-0.15142857142857152,Individual Viewers (Millions)
517,6.9,411.0,9,517,2013-01-06,2013,24,Homer Goes to Prep School,8.97,42306.0,6,Sunday,2013,1,-0.15142857142857152,Individual Viewers (Millions)
533,6.5,482.0,3,533,2013-11-03,2013,25,Four Regrettings and a Funeral,5.43,39301.0,6,Sunday,2013,11,-0.15908526256352343,Individual Viewers (Millions)
537,7.0,440.0,7,537,2013-12-08,2013,25,Yellow Subterfuge,6.85,43717.0,6,Sunday,2013,12,-0.15908526256352343,Individual Viewers (Millions)
505,7.4,568.0,19,505,2012-04-29,2012,23,A Totally Fun Thing That Bart Will Never Do Again,5.0,53058.0,6,Sunday,2012,4,-0.1660304912478825,Individual Viewers (Millions)
492,7.8,712.0,6,492,2011-11-20,2011,23,The Book Job,5.77,42780.0,6,Sunday,2011,11,-0.1660304912478825,Individual Viewers (Millions)
499,6.5,490.0,13,499,2012-02-12,2012,23,The Daughter Also Rises,4.26,40669.0,6,Sunday,2012,2,-0.1660304912478825,Individual Viewers (Millions)
539,7.6,648.0,9,539,2014-01-05,2014,25,Steal This Episode,12.04,45354.0,6,Sunday,2014,1,-0.15908526256352343,Individual Viewers (Millions)
501,6.9,425.0,15,501,2012-03-04,2012,23,Exit Through the Kwik-E-Mart,5.09,45133.0,6,Sunday,2012,3,-0.1660304912478825,Individual Viewers (Millions)
523,7.0,418.0,15,523,2013-03-10,2013,24,"Black Eyed, Please",4.85,42925.0,6,Sunday,2013,3,-0.15142857142857152,Individual Viewers (Millions)
503,7.1,493.0,17,503,2012-03-18,2012,23,"Them, Robot",5.25,43615.0,6,Sunday,2012,3,-0.1660304912478825,Individual Viewers (Millions)
532,7.1,654.0,2,532,2013-10-06,2013,25,Treehouse of Horror XXIV,6.42,64758.0,6,Sunday,2013,10,-0.15908526256352343,Individual Viewers (Millions)
526,6.5,405.0,18,526,2013-04-28,2013,24,Pulpit Friction,4.54,41184.0,6,Sunday,2013,4,-0.15142857142857152,Individual Viewers (Millions)
519,6.6,405.0,11,519,2013-01-27,2013,24,The Changing of the Guardian,5.23,42215.0,6,Sunday,2013,1,-0.15142857142857152,Individual Viewers (Millions)
509,6.4,597.0,1,509,2012-09-30,2012,24,Moonshine River,8.08,36570.0,6,Sunday,2012,9,-0.15142857142857152,Individual Viewers (Millions)
514,6.5,430.0,6,514,2012-11-25,2012,24,A Tree Grows in Springfield,7.46,43211.0,6,Sunday,2012,11,-0.15142857142857152,Individual Viewers (Millions)
510,7.3,600.0,2,510,2012-10-07,2012,24,Treehouse of Horror XXIII,6.57,67484.0,6,Sunday,2012,10,-0.15142857142857152,Individual Viewers (Millions)
515,7.2,493.0,7,515,2012-12-09,2012,24,The Day the Earth Stood Cool,7.44,40649.0,6,Sunday,2012,12,-0.15142857142857152,Individual Viewers (Millions)
521,7.0,406.0,13,521,2013-02-17,2013,24,Hardly Kirk-ing,4.57,42807.0,6,Sunday,2013,2,-0.15142857142857152,Individual Viewers (Millions)
528,6.3,410.0,20,528,2013-05-12,2013,24,The Fabulous Faker Boy,4.16,42426.0,6,Sunday,2013,5,-0.15142857142857152,Individual Viewers (Millions)
535,7.1,442.0,5,535,2013-11-17,2013,25,Labor Pains,4.08,40671.0,6,Sunday,2013,11,-0.15908526256352343,Individual Viewers (Millions)
530,7.0,396.0,22,530,2013-05-19,2013,24,Dangers on a Train,4.52,44984.0,6,Sunday,2013,5,-0.15142857142857152,Individual Viewers (Millions)
218,7.3,831.0,15,218,1999-02-21,1999,10,"Marge Simpson in: ""Screaming Yellow Honkers""",8.6,52778.0,6,Sunday,1999,2,0.03665019762845839,Household Viewers (Millions)
544,6.6,407.0,14,544,2014-03-16,2014,25,The Winter of His Content,4.02,44271.0,6,Sunday,2014,3,-0.15908526256352343,Individual Viewers (Millions)
549,5.8,445.0,19,549,2014-04-27,2014,25,What to Expect When Bart's Expecting,3.45,48760.0,6,Sunday,2014,4,-0.15908526256352343,Individual Viewers (Millions)
560,6.5,431.0,8,560,2014-11-23,2014,26,Covercraft,3.45,38432.0,6,Sunday,2014,11,-0.22591756070016963,Individual Viewers (Millions)
565,6.3,377.0,13,565,2015-02-08,2015,26,Walking Big & Tall,2.78,36221.0,6,Sunday,2015,2,-0.22591756070016963,Individual Viewers (Millions)
579,6.8,385.0,5,579,2015-10-25,2015,27,Treehouse of Horror XXVI,6.75,195.0,6,Sunday,2015,10,-0.13258610954263153,Individual Viewers (Millions)
584,6.6,356.0,10,584,2016-01-03,2016,27,The Girl Code,4.41,166.0,6,Sunday,2016,1,-0.13258610954263153,Individual Viewers (Millions)
551,6.7,402.0,21,551,2014-05-11,2014,25,Pay Pal,3.66,51132.0,6,Sunday,2014,5,-0.15908526256352343,Individual Viewers (Millions)
575,5.9,532.0,1,575,2015-09-27,2015,27,Every Man's Dream,3.28,187.0,6,Sunday,2015,9,-0.13258610954263153,Individual Viewers (Millions)
572,6.2,330.0,20,572,2015-05-03,2015,26,Let's Go Fly a Coot,3.12,40783.0,6,Sunday,2015,5,-0.22591756070016963,Individual Viewers (Millions)
569,6.7,374.0,17,569,2015-03-15,2015,26,Waiting for Duffman,3.59,37874.0,6,Sunday,2015,3,-0.22591756070016963,Individual Viewers (Millions)
581,6.3,328.0,7,581,2015-11-22,2015,27,Lisa with an 'S',5.64,145.0,6,Sunday,2015,11,-0.13258610954263153,Individual Viewers (Millions)
563,7.3,434.0,11,563,2015-01-11,2015,26,Bart's New Friend,4.28,39702.0,6,Sunday,2015,1,-0.22591756070016963,Individual Viewers (Millions)
587,6.3,252.0,13,587,2016-02-14,2016,27,Love Is in the N2-O2-Ar-CO2-Ne-He-CH4,2.89,158.0,6,Sunday,2016,2,-0.13258610954263153,Individual Viewers (Millions)
571,6.9,347.0,19,571,2015-04-26,2015,26,The Kids Are All Fight,3.33,42123.0,6,Sunday,2015,4,-0.22591756070016963,Individual Viewers (Millions)
568,6.9,377.0,16,568,2015-03-08,2015,26,Sky Police,3.79,43023.0,6,Sunday,2015,3,-0.22591756070016963,Individual Viewers (Millions)
553,5.8,652.0,1,553,2014-09-28,2014,26,Clown in the Dumps,8.53,29526.0,6,Sunday,2014,9,-0.22591756070016963,Individual Viewers (Millions)
555,6.5,457.0,3,555,2014-10-12,2014,26,Super Franchise Me,7.33,42912.0,6,Sunday,2014,10,-0.22591756070016963,Individual Viewers (Millions)
586,6.7,271.0,12,586,2016-01-17,2016,27,Much Apu About Something,3.95,170.0,6,Sunday,2016,1,-0.13258610954263153,Individual Viewers (Millions)
561,6.8,432.0,9,561,2014-12-07,2014,26,I Won't Be Home for Christmas,6.52,37064.0,6,Sunday,2014,12,-0.22591756070016963,Individual Viewers (Millions)
556,7.3,612.0,4,556,2014-10-19,2014,26,Treehouse of Horror XXV,7.76,65425.0,6,Sunday,2014,10,-0.22591756070016963,Individual Viewers (Millions)
566,6.7,360.0,14,566,2015-02-15,2015,26,My Fare Lady,2.67,35846.0,6,Sunday,2015,2,-0.22591756070016963,Individual Viewers (Millions)
591,6.5,246.0,17,591,2016-04-03,2016,27,The Burns Cage,2.32,190.0,6,Sunday,2016,4,-0.13258610954263153,Individual Viewers (Millions)
574,6.9,335.0,22,574,2015-05-17,2015,26,Mathlete's Feat,2.82,47429.0,6,Sunday,2015,5,-0.22591756070016963,Individual Viewers (Millions)
589,6.3,233.0,15,589,2016-03-06,2016,27,Lisa the Veterinarian,3.09,174.0,6,Sunday,2016,3,-0.13258610954263153,Individual Viewers (Millions)
582,7.1,305.0,8,582,2015-12-06,2015,27,Paths of Glory,5.53,170.0,6,Sunday,2015,12,-0.13258610954263153,Individual Viewers (Millions)
577,7.2,404.0,3,577,2015-10-11,2015,27,Puffless,3.31,160.0,6,Sunday,2015,10,-0.13258610954263153,Individual Viewers (Millions)
31,8.0,1257.0,18,31,1991-04-11,1991,2,Brush with Greatness,20.6,58561.0,3,Thursday,1991,4,-0.49943534726143546,Household Viewers (Millions)
45,8.8,1618.0,10,45,1991-11-21,1991,3,Flaming Moe's,23.9,58968.0,3,Thursday,1991,11,-0.06852173913043466,Household Viewers (Millions)
5,8.1,1732.0,5,5,1990-02-04,1990,1,Bart the General,27.1,63129.0,6,Sunday,1990,2,0.49670329670329777,Household Viewers (Millions)
59,8.2,1227.0,24,59,1992-08-27,1992,3,"Brother, Can You Spare Two Dimes?",17.2,50936.0,3,Thursday,1992,8,-0.06852173913043466,Household Viewers (Millions)
62,9.0,1747.0,3,62,1992-10-08,1992,4,Homer the Heretic,19.3,64605.0,3,Thursday,1992,10,0.008752117447769443,Household Viewers (Millions)
83,9.0,2010.0,2,83,1993-10-07,1993,5,Cape Feare,20.0,65585.0,3,Thursday,1993,10,-0.22907961603613758,Household Viewers (Millions)
88,7.7,1085.0,7,88,1993-11-11,1993,5,Bart's Inner Child,18.7,74139.0,3,Thursday,1993,11,-0.22907961603613758,Household Viewers (Millions)
96,8.8,1505.0,15,96,1994-02-24,1994,5,Deep Space Homer,18.2,75439.0,3,Thursday,1994,2,-0.22907961603613758,Household Viewers (Millions)
100,8.4,1118.0,19,100,1994-04-28,1994,5,Sweet Seymour Skinner's Baadasssss Song,19.7,66406.0,3,Thursday,1994,4,-0.22907961603613758,Household Viewers (Millions)
101,8.2,1103.0,20,101,1994-05-05,1994,5,The Boy Who Knew Too Much,15.5,74427.0,3,Thursday,1994,5,-0.22907961603613758,Household Viewers (Millions)
109,9.0,1690.0,6,109,1994-10-30,1994,6,Treehouse of Horror V,22.2,119295.0,6,Sunday,1994,10,-0.1333076923076921,Household Viewers (Millions)
128,9.1,1619.0,25,128,1995-05-21,1995,6,Who Shot Mr. Burns? (Part One),15.0,86070.0,6,Sunday,1995,5,-0.1333076923076921,Household Viewers (Millions)
155,9.2,2439.0,2,155,1996-11-03,1996,8,You Only Move Twice,13.9,79609.0,6,Sunday,1996,11,-0.09198899250879057,Household Viewers (Millions)
162,8.5,1383.0,9,162,1997-01-05,1997,8,El Viaje Misterioso de Nuestro Jomer (The Mysterious Voyage of Homer),14.9,64743.0,6,Sunday,1997,1,-0.09198899250879057,Household Viewers (Millions)
176,9.2,2256.0,23,176,1997-05-04,1997,8,Homer's Enemy,11.8,74177.0,6,Sunday,1997,5,-0.09198899250879057,Household Viewers (Millions)
182,8.1,1019.0,4,182,1997-10-26,1997,9,Treehouse of Horror VIII,10.9,30963.0,6,Sunday,1997,10,-0.15323076923076925,Household Viewers (Millions)
185,7.7,905.0,7,185,1997-11-16,1997,9,The Two Mrs. Nahasapeemapetilons,11.4,19419.0,6,Sunday,1997,11,-0.15323076923076925,Household Viewers (Millions)
209,7.6,901.0,6,209,1998-11-15,1998,10,D'oh-in' in the Wind,8.3,45779.0,6,Sunday,1998,11,0.03665019762845839,Household Viewers (Millions)
256,8.0,836.0,8,256,2000-12-17,2000,12,Skinner's Sense of Snow,15.9,56755.0,6,Sunday,2000,12,-0.07090909090909082,Individual Viewers (Millions)
257,8.0,899.0,9,257,2001-01-07,2001,12,HOMR,18.5,68784.0,6,Sunday,2001,1,-0.07090909090909082,Individual Viewers (Millions)
266,8.6,1095.0,18,266,2001-04-29,2001,12,Trilogy of Error,14.4,53728.0,6,Sunday,2001,4,-0.07090909090909082,Individual Viewers (Millions)
291,8.0,701.0,22,291,2002-05-22,2002,13,Poppa's Got a Brand New Badge,8.2,53639.0,2,Wednesday,2002,5,-0.1593450028232637,Individual Viewers (Millions)
292,7.6,752.0,1,292,2002-11-03,2002,14,Treehouse of Horror XIII,16.7,71817.0,6,Sunday,2002,11,-0.1770412196499154,Individual Viewers (Millions)
495,8.2,905.0,9,495,2011-12-11,2011,23,Holidays of Future Passed,6.43,69460.0,6,Sunday,2011,12,-0.1660304912478825,Individual Viewers (Millions)
558,7.9,977.0,6,558,2014-11-09,2014,26,Simpsorama,6.7,48223.0,6,Sunday,2014,11,-0.22591756070016963,Individual Viewers (Millions)
578,7.5,462.0,4,578,2015-10-18,2015,27,Halloween of Horror,3.69,196.0,6,Sunday,2015,10,-0.13258610954263153,Individual Viewers (Millions)
594,6.7,193.0,20,594,2016-05-08,2016,27,To Courier with Love,2.52,192.0,6,Sunday,2016,5,-0.13258610954263153,Individual Viewers (Millions)
3,7.5,1709.0,3,3,1990-01-21,1990,1,Homer's Odyssey,27.5,78072.0,6,Sunday,1990,1,0.49670329670329777,Household Viewers (Millions)
235,7.3,809.0,9,235,1999-12-19,1999,11,Grift of the Magi,7.76,48070.0,6,Sunday,1999,12,0.011501976284584858,Household Viewers (Millions)
250,7.4,803.0,2,250,2000-11-05,2000,12,A Tale of Two Springfields,16.2,40990.0,6,Sunday,2000,11,-0.07090909090909082,Individual Viewers (Millions)
253,7.2,762.0,5,253,2000-11-26,2000,12,Homer vs. Dignity,15.0,44005.0,6,Sunday,2000,11,-0.07090909090909082,Individual Viewers (Millions)
282,6.5,623.0,13,282,2002-03-10,2002,13,The Old Man and the Key,14.5,41049.0,6,Sunday,2002,3,-0.1593450028232637,Individual Viewers (Millions)
307,7.1,555.0,16,307,2003-03-30,2003,14,'Scuse Me While I Miss the Sky,12.6,43756.0,6,Sunday,2003,3,-0.1770412196499154,Individual Viewers (Millions)
324,7.1,575.0,11,324,2004-02-08,2004,15,Margical History Tour,8.9,42492.0,6,Sunday,2004,2,-0.2494184076792774,Individual Viewers (Millions)
348,7.0,530.0,13,348,2005-03-20,2005,16,Mobile Homer,8.49,45489.0,6,Sunday,2005,3,-0.11907792207792203,Individual Viewers (Millions)
351,7.4,661.0,16,351,2005-05-01,2005,16,Don't Fear the Roofer,11.92,41620.0,6,Sunday,2005,5,-0.11907792207792203,Individual Viewers (Millions)
369,7.4,642.0,13,369,2006-03-12,2006,17,The Seemingly Never-Ending Story,9.72,48854.0,6,Sunday,2006,3,-0.15907961603613796,Individual Viewers (Millions)
371,6.5,854.0,15,371,2006-03-26,2006,17,"Homer Simpson, This Is Your Wife",10.09,41323.0,6,Sunday,2006,3,-0.15907961603613796,Individual Viewers (Millions)
374,6.7,549.0,18,374,2006-04-23,2006,17,The Wettest Stories Ever Told,7.04,42280.0,6,Sunday,2006,4,-0.15907961603613796,Individual Viewers (Millions)
403,7.2,637.0,3,403,2007-10-07,2007,19,Midnight Towboy,7.7,35926.0,6,Sunday,2007,10,-0.1985338345864664,Individual Viewers (Millions)
426,7.1,599.0,6,426,2008-11-16,2008,20,Homer and Lisa Exchange Cross Words,8.52,38879.0,6,Sunday,2008,11,-0.17758441558441557,Individual Viewers (Millions)
441,7.2,648.0,21,441,2009-05-17,2009,20,Coming to Homerica,5.86,6477.0,6,Sunday,2009,5,-0.17758441558441557,Individual Viewers (Millions)
445,7.3,671.0,4,445,2009-10-18,2009,21,Treehouse of Horror XX,8.59,66209.0,6,Sunday,2009,10,-0.1711363636363636,Individual Viewers (Millions)
458,6.7,482.0,17,458,2010-04-11,2010,21,American History X-cellent,5.65,44645.0,6,Sunday,2010,4,-0.1711363636363636,Individual Viewers (Millions)
460,6.9,511.0,19,460,2010-04-25,2010,21,The Squirt and the Whale,5.94,40632.0,6,Sunday,2010,4,-0.1711363636363636,Individual Viewers (Millions)
468,7.1,680.0,4,468,2010-11-07,2010,22,Treehouse of Horror XXI,8.19,61954.0,6,Sunday,2010,11,-0.16637492941840787,Individual Viewers (Millions)
493,6.8,493.0,7,493,2011-11-27,2011,23,The Man in the Blue Flannel Pants,5.61,41687.0,6,Sunday,2011,11,-0.1660304912478825,Individual Viewers (Millions)
524,7.1,417.0,16,524,2013-03-17,2013,24,Dark Knight Court,4.89,44170.0,6,Sunday,2013,3,-0.15142857142857152,Individual Viewers (Millions)
529,7.2,460.0,21,529,2013-05-19,2013,24,The Saga of Carl,4.01,42996.0,6,Sunday,2013,5,-0.15142857142857152,Individual Viewers (Millions)
546,6.9,430.0,16,546,2014-03-30,2014,25,You Don't Have to Live Like a Referee,3.91,42080.0,6,Sunday,2014,3,-0.15908526256352343,Individual Viewers (Millions)
567,6.6,372.0,15,567,2015-03-01,2015,26,The Princess Guide,3.93,34137.0,6,Sunday,2015,3,-0.22591756070016963,Individual Viewers (Millions)
592,6.4,228.0,18,592,2016-04-10,2016,27,How Lisa Got Her Marge Back,2.55,188.0,6,Sunday,2016,4,-0.13258610954263153,Individual Viewers (Millions)
596,6.9,210.0,22,596,2016-05-22,2016,27,Orange Is the New Yellow,2.54,276.0,6,Sunday,2016,5,-0.13258610954263153,Individual Viewers (Millions)
262,7.2,833.0,14,262,2001-02-25,2001,12,New Kids on the Blecch,18.1,50903.0,6,Sunday,2001,2,-0.07090909090909082,Individual Viewers (Millions)
277,7.0,649.0,8,277,2002-01-20,2002,13,Sweets and Sour Marge,12.3,54348.0,6,Sunday,2002,1,-0.1593450028232637,Individual Viewers (Millions)
290,7.1,642.0,21,290,2002-05-19,2002,13,The Frying Game,10.8,48954.0,6,Sunday,2002,5,-0.1593450028232637,Individual Viewers (Millions)
303,7.3,628.0,12,303,2003-02-16,2003,14,I'm Spelling As Fast As I Can,22.1,42885.0,6,Sunday,2003,2,-0.1770412196499154,Individual Viewers (Millions)
304,7.1,599.0,13,304,2003-03-02,2003,14,A Star Is Born-Again,14.4,42185.0,6,Sunday,2003,3,-0.1770412196499154,Individual Viewers (Millions)
317,7.1,705.0,4,317,2003-11-23,2003,15,The Regina Monologues,12.2,43134.0,6,Sunday,2003,11,-0.2494184076792774,Individual Viewers (Millions)
356,7.2,635.0,21,356,2005-05-15,2005,16,"The Father, the Son, and the Holy Guest Star",9.69,48303.0,6,Sunday,2005,5,-0.11907792207792203,Individual Viewers (Millions)
361,6.9,578.0,5,361,2005-11-13,2005,17,Marge's Son Poisoning,11.4,39428.0,6,Sunday,2005,11,-0.15907961603613796,Individual Viewers (Millions)
373,7.2,677.0,17,373,2006-04-09,2006,17,"Kiss Kiss, Bang Bangalore",8.2,47829.0,6,Sunday,2006,4,-0.15907961603613796,Individual Viewers (Millions)
380,6.7,671.0,2,380,2006-09-17,2006,18,Jazzy and the Pussycats,8.94,33495.0,6,Sunday,2006,9,-0.1371146245059288,Individual Viewers (Millions)
401,6.7,706.0,1,401,2007-09-23,2007,19,He Loves to Fly and He D'ohs,9.7,36253.0,6,Sunday,2007,9,-0.1985338345864664,Individual Viewers (Millions)
404,6.9,620.0,4,404,2007-10-14,2007,19,I Don't Wanna Know Why the Caged Bird Sings,8.8,35850.0,6,Sunday,2007,10,-0.1985338345864664,Individual Viewers (Millions)
409,8.2,949.0,9,409,2007-12-16,2007,19,Eternal Moonshine of the Simpson Mind,10.15,44862.0,6,Sunday,2007,12,-0.1985338345864664,Individual Viewers (Millions)
429,5.9,706.0,9,429,2009-01-25,2009,20,Lisa the Drama Queen,5.75,38582.0,6,Sunday,2009,1,-0.17758441558441557,Individual Viewers (Millions)
431,7.0,603.0,11,431,2009-03-01,2009,20,How the Test Was Won,6.52,41271.0,6,Sunday,2009,3,-0.17758441558441557,Individual Viewers (Millions)
434,6.3,619.0,14,434,2009-03-22,2009,20,In the Name of the Grandfather,6.15,45727.0,6,Sunday,2009,3,-0.17758441558441557,Individual Viewers (Millions)
435,6.8,571.0,15,435,2009-03-29,2009,20,Wedding for Disaster,6.58,43254.0,6,Sunday,2009,3,-0.17758441558441557,Individual Viewers (Millions)
486,7.0,492.0,22,486,2011-05-22,2011,22,The Ned-Liest Catch,5.25,43681.0,6,Sunday,2011,5,-0.16637492941840787,Individual Viewers (Millions)
500,7.0,580.0,14,500,2012-02-19,2012,23,At Long Last Leave,5.77,45226.0,6,Sunday,2012,2,-0.1660304912478825,Individual Viewers (Millions)
502,7.3,541.0,16,502,2012-03-11,2012,23,How I Wet Your Mother,4.97,44818.0,6,Sunday,2012,3,-0.1660304912478825,Individual Viewers (Millions)
511,6.9,460.0,3,511,2012-11-04,2012,24,Adventures in Baby-Getting,5.65,39687.0,6,Sunday,2012,11,-0.15142857142857152,Individual Viewers (Millions)
542,6.4,473.0,12,542,2014-03-09,2014,25,Diggs,2.69,39292.0,6,Sunday,2014,3,-0.15908526256352343,Individual Viewers (Millions)
548,7.0,504.0,18,548,2014-04-13,2014,25,Days of Future Future,3.64,55742.0,6,Sunday,2014,4,-0.15908526256352343,Individual Viewers (Millions)
